track_id,title,image_path,album_title,artist,year,genre,path,image_checksum,path_checksum
1,Winds of Change,/eo/et/gravissimas/res/ne.msh2xml,Ginger Turmeric ,Ophelia Ellis,1947,edm,/iis/servire/et.,a4adC8c902CDA3F3690eDD826b9cAEee3eDA1ec0f7ecdC4c8C86Aae10f1FFB9a,bbE1Bf95c2fCf6F52EAAE7A1B5FFb35abCa78C0BBfdaD3eBA2E3D7Eac6A166de
2,Dreams of Tomorrow,/voluptatis/enim.gif,Basil Tomato Sou,Maye Stollberg,1953,rock,/dolore/dolemus.,DFb3fCce6C5dB16EAAb0eEbdeA0afC0F3a9BBaecce9f0bdc8EdBceAeAEdb868c,dAe4202CCCbD2DfFeD58EFaaA3FfDCC47D8B6fadd7a4bf7AadfbaC5ddBaE8Dac
3,Whispers of the Night,/ad/dolorem/referuntur/nec/praeterea/dissidens.txt,Leather Notebook,Winfred Steutly,1949,classical,/modo/ipsa.css,aDAcb52dCC2Bf148AD1cc4b5Ec2DADEEeFFeD566ad6fba895dCd2aE40a6badBA,4DefDCD75ef20A4dB8aB48De671F45EecE40d4e9Ec3aEcCDDeDAe8bBFD8d7cCE
4,Echoes in the Rain,/in/cumanum/salutandi/displicet.accdb,Puzzle Mat,Dasie Craister,2067,edm,/umquam/rerum.ya,AE8eC1dcEcB77f70d7a5FcdD9bADAcDef6Ea44af6fe7EBEeecfFAedc3BF3FeDC,c8b3Dab5bBA84b5c74f4aC0fCf1D9EF5EFcAdF4c95a0Ff740D1AABADFBB6fe6F
5,Shadows in the Moonlight,/a/singulis/itaque.ps1,Travel Sewing Ki,Bevan Kettley,2040,rock,/est/summum/bonu,9CD83aaE5653Cdc8fb26D7AAc0D5c6AaeFEaCFEDFabafCdCaE06BAB4a259Eecd,f1cAfAEb7AfD49BeF3Dd7cDfdA31faeAFEFfCdefA0b8EBB61Df8aefB57cBbdbA
6,Ethereal Landscapes,/involuta/aperiri/altera/prompta/perspicuum.bash,Spiced Pumpkin S,Juliann Leidecke,2069,rock,/quos/offendit/n,EE40FdEfA82af6AeabbD05Cb3E2bfBDdcaB0edBACBEcfe7a80BAB337C9dDedcd,AfEfD5AaBaDDD8af5dCA6ABAA2DF8078c0e73cc787dD0023CBfDA0118EAcedDE
7,Twilight Reflections,/in/oritur.htm,Multi-Functional,Karena Corlett,1964,classical,/iudicandum/est/,22eBB6Db6CDFbAF3Cf4BFFD8BbB7cbfBEe8a938aD53DdeCF73cbDDDD6DFDC5B8,E5abb0DB4BAB5a3DE02e0D12CC3b7da7efbCEBC4BFEdC1a6cFAcBAcbAcD52ED8
8,Dreams of Tomorrow,/factorum/tum/poena/legum/voluptas.ogg,Radish Chips,Debee Shearston,1945,classical,/utilitate/non/a,EbbB7A6Ba3bE4ddbd8aaCCaAe306e9cC0F3bED5daB7655aeF7Dd1EB0BFFcCaa0,d4adfeBec37BEa42EFa3fc28FceC3ea7Ad39bb8ecebC8aAC9B7a29BfDdAe5afd
9,Harmony of the Seas,/est/intercapedo/restat.dmg,Smartphone Proje,Teirtza Covolini,1966,edm,/dedocere/sol/e.,DC57e6Fd805addAFC1441AAAaEBA9b3cABAb82cEf95aB1daC42DecA6BD9e466c,65C7DeC0DcbCECF4caB25F552d006cdbeEEbcA7BcafCECfFFEb8168Af8e6B9F8
10,Silent Storms,/latinis/quod/epicurus.yml,Organic Coconut ,Wenonah Mackriel,2039,rock,/et/se.css,fB6FDb9D9dEd3ce250fFbd5A7fBB5FaBdCa53F5fC2Bc6FFdCBcE46F19Be32deA,AcdCE629eE4EDFcFaB9CABAEcB3f5Acc7d6AbE1c7DaAA1EAfBC4badcc9346DDc
11,Lost in the Melody,/quiddam/vel.png,Multi-Function S,Ellyn Pigot,2055,rock,/virtutum/cursu/,Ddccbced5ECE216B8CABeeCceaaCEEcCB64620d92bfafde9bf4EeDD96c924BAA,8292EBebDe4eeACf1bbEfDED97ed1BbA9DdaF169aEF37afbBeEcDFA9bddFf046
12,Voices from the Past,/et/illaberetur/iste.zip,Compact Shoe Rac,Corby Pochin,1995,rock,/maxime/ab/iis/q,4B0De2eFbbbB8c500CFACdcF54eDB4fcdeaDccadAFEf5eaCceD41Afb6E06e928,DDb1AB4E4b1e2C0a7ed97fFcFEEac94Da2dCeFeebda88503c0E396553fCf90fF
13,Colors of the Sunset,/omnia/referri/oporteat/ipsum/possunt.md,Graphic Hoodie,Calla MacVagh,1969,classical,/acute/nihil/ad/,4CDAfEfC38D2983CCD5C4Dfb620e445Fac593bAdA9EFE9bC7Fb4f7cFD7aD9ee1,EbeABF8Cc6F91B9e0c2ced5cCBdcffDa23ffE0EfCcCf5a5b5AaBD7cFF6aeCeEb
14,Twilight Reflections,/habent/ut/non/est.conf,Organic Coconut ,Sarette Strangew,2071,rock,/ne/simulent/et/,6aC1DCCD0FD6afcc2ABCdcc3e4a6Cfa52E56fd90abA6bCeCDeDbA2Aa72cfEFF6,EABcDd0523e3beA6cbBeBfdB0d41316Ace4fCec1Cbf4cBcD9109FaBDf94fDb2A
15,Eternal Dawn,/et/debilitati/obiecta/sapientium.svg,Coconut Cream Pi,Lorena Death,1977,edm,/scientia/tollit,8BEe9faD437ADCaC7CEe5FBdEf972f3cBC930aEbed6731f0ee5AAde63EAdA8D7,9b1accfeebEa7892fd8FaF98E9eA88bDF063AEFa6FAef57BbcF0B3DeD1Db1dEb
16,Starlit Pathways,/graviter/ornateque/dictas/quis/non/vera.xml,Eco-Friendly Dis,Mela Caudwell,2056,edm,/optimum/et/sibi,EA8cA4Cbbb7FfeedCBaeAEeAb88AeEB6DF197DCdF13B2DFE8dBbaACe9dBCca5B,CdAD4Affc0c1Ce8fC3FD63AbCF2FDAC8508addeBB28b8cFcaEcf74b5fD59F9Fb
17,Dance of the Fireflies,/de/rebus/alia/ratione/inter.gif,Wall Art,Kane Warrack,2081,edm,/qui/quod/tibi/i,Cd915dFeCD3DEeead9a4b19CeCDcBad4E18Ab79e48e6FBADFb0c2d94EbEBb4Eb,f10a0AfD8BBeDc08D4a4B8B7D7Dd5bC3dFddDDEF1D79BcFa3EbcC4Bf51eb0b4f
18,Songs of Solitude,/profecta/vera/blanditiis.apk,Wall Planner,Bentlee Wybern,1972,rock,/idem/lucilius/a,bcBab0b4C9eaE95ADeedDB1C0aADa81C3Bd2BaCAbfCeBeAd8f8Fde21bEFCaAFB,72ff8fdb1DdDfFCe72E1F08d8A3d520C6ac7bABCBc6D5A6c0ED9beBBd8E7dBcA
19,Voices from the Past,/hosti//aut.php,Sea Salt Tortill,Hamlin McGonagle,1914,rock,/temperantiam/cu,5aeAF3B9cD6E79CeBCFAaCdeFcaEb75A1FD38dF2f5FCcA1fbBc4A58AdE28FFD8,c3D3ccdba73BacDf162eD0beA4e5b5DbDB5dddeACaaF287C3B6ad03BDfCAfa5C
20,Starlit Pathways,/primis/quae.deb,Sweet Chili Thai,Arte Rumming,1991,edm,/eo/libro/quo/a/,e4c7dF4C8fB1abdBB89A38AfF1d88fBBdedF83d227C11Ca17cbee20CBae5A05b,9dFdedfE1AF9e1eaaCCDdCAFd5cFEfdDa8dB4bd6bFCAebFfDFcd0e73fC0Cd5Fc
21,Infinite Horizons,/propter/defatigatio.html,Breezy Off-The-S,Melodee Blue,1965,classical,/atque/ad/beate/,Da55ded5f5CfCAE0dF78EecA80eca71D1a7b56858B53b748BaeFec05A9fBDbDE,FFa6FbADBa0Af6e80d04AABACd7cBfaEf58E7CACfCfCaCF4fCEadCfFCCDd5c8a
22,Whispers of the Night,/nosque/ea/scripta/reliquaque/abducat.cer,Chocolate Mint P,Panchito Heaffey,1915,edm,/epicureum/esse/,e9E92EEbBeFbc3bfFf1EfFF36D8Afbf103Ade5adfaeE90c4C9DA92efCBf67Da2,b1ceCaa235eCC84fcBe0A8c8baca2Ea8BA0b8C8Ae5CbEbfBeE8aDcD085BffDDd
23,Shadows in the Moonlight,/esse/ratione/neque/reprehenderit.asc,Cable Knit Cardi,Vilhelmina Varde,2075,rock,/ordinem/adiungi,DAc01E6Ed1772fE2B97C923e9adBa73ff3A8b1cc9aC7A8bA2DA0B9bABbBADbcf,8A8D987Ea1cd1ece4ccbadE34aaAbedDeB5c16aBaDA0aa64ba7eb4cAaA0A0AC2
24,Lost in the Melody,/id/neque/feci/mererer.txt,Cordless Electri,Frannie Kuhnert,2021,classical,/et/copulationes,Cb4ff0ededaadCBCFaB6fF35d7Ee70FEfBbcfEea5cCFFae378B4b4A6fEecfAE2,a1Cf9F0a35bAB0CfcFAB5AbeeC87EBAA18dffDf5B6bc13EEdC649cb0Cf7A4aaf
25,Echoes in the Rain,/adipiscendarum/causa/aut/dolores/suscipiantur/ponit.xls,Collapsible Camp,Cecelia Trengrov,1963,classical,/rogatiuncula/de,D4BcbbdEC7dA803Bdb99cAB48ABBBade2BAc4f0db4A6fCfcaBfEcBC3B4fB06ad,1aBdfeE34EdcFcCCcF6F264CFdFDE1b2f4B27a39cb064EFaDd002DCEFBF6AcAE
26,Journey to the Stars,/fabulas/male/credo/patet.pem,Kids' Trampoline,Patience Rostern,1986,rock,/dolorum/nam/nos,dea3F1AbdDaAeeF84182dbDD82338F16cfa7Ac86D77D7ad000B9A8B2b9d10E4e,E62dceeBAA494B8a4A065e2BCaDdB10350A1Cc1aE57D6Ee22d86CA7b21c1a3D7
27,Beyond the Horizon,/quam/numquam.wav,Fresh Basil Pest,Dacey Riveles,2047,classical,/afflueret/et/ne,E55a5D5D42E790cFA93f5Dfb3F0Ad8EcBdDdBA22b68E2b3cABfdc97e2eFcc3BC,bBFeC8BaC8a7DdfadEEBe5cefb7AE48dC9d7eA4A9ea9BEf58E9bf7B9fda3a1Db
28,Journey to the Stars,/nec/posse.bz2,Honey,Nichole Sherewoo,1979,classical,/siculis/scriber,d1Af4A5FBAcf3ACD7aEEbaE7faCB3aAfBEAbfdEfa6ceab4C1bEca04A1BF9E5bb,aFd0fB1efd7dc1Df00BC431A63ffD9fBAef6bFA6BDdd231F0cFFa66dBfA82F8B
29,Dreams of Tomorrow,/cui/sententiae/consentaneum/est/ultimum/et.htm,Electric Griddle,Camel Braban,2094,classical,/non/tu/quidem/s,3ceBB91Be129fee3Ee71CAbaCEfBfCeFbeABF8c9e8dfAfFE34CA6b4Ddcf74d3D,A9EDcBcaA87d6FBC3c8CDCa3f8fA1eD18eCaBaBfAA02dAFbd2Abf1fAd5aefAfF
30,Twilight Reflections,/ex/cupiditatibus/odia/discidia/vel.wma,Wireless Mouse,Robinet Wingeatt,1900,classical,/sed/animo/etiam,cAcdFBbcc0ff00bfB60fa5f4EeFaAdf6dffff3AAD8B1b80e75cbFEFfBEBC5DbB,ceDDCDdDdeFC8BBDAbAB4b4cfd16e2aaaDd4a7d5df59FA790fBc80A0dEfaDbaa
31,Whispers of the Night,/et/metuque.html,Indoor Grill,Jolene Arnley,2088,rock,/sit/ratio/ipsa/,67fcdcdE2AdEAFCA8bF0e1C668C7bB80BAaecdef5f8cbdcDcD1Fa2F38C3FcB6E,18F877149a3FaceDEaF6c7cdDfbA7EDE96Eab501aF78Df9F3236C7c9bDdD2CF2
32,Waves of Nostalgia,/vivendum/sed/solam.7z,Repair Tool Set ,Griswold Shoobri,1945,edm,/facile/efficere,4bbAabD7441CABDaAD8E7f4EB8B2Cde58fb82CbFd2501a9fF2AFA0C67FD5f94e,90f24cAf8fEf9BdEeb592eE1bbD5cAB2dF8aE7C3CedfBf88dA2D1f00d4CeeCeA
33,Melody of the Forest,/est/enim/quod/tibi/e.cue,Bike Helmet,Moselle Feltham,1920,rock,/praeterita/grat,8BfcB3dEeafA4eBb49a4faFa031d163A23D8c2cb7abb5dAea6b638Ad6a7b258a,eca67Afe6eDdfaca4edE438c6A6D01cD0BDb2CeDefBCED28EAFdaDDDCA6bAdBd
34,Ethereal Landscapes,/ut/ea/intelleges.json,Heated Throw Bla,Cherey Wolfendel,2027,rock,/consequatur/vel,dbEdabcADCdFffD7bDbe0e2cBBB6b8dbc5B69adabECD5e20dB3a53FceBFdDbCA,eBb9eeeccBfEEEcf0ebeeB039CE2F08F9eec5b42aeAD8FB6F3BC2EAfe96a9DAA
35,Songs of Solitude,/id/quidem/facio/provocatus/rebus.msh1xml,Lemon Herb Quino,Angelita Mordan,2030,classical,/fit/etiam/non.p,fcCB2ACd94Abcfb66FaaE6D4b8a12f7331dadDEfafcbadeC0ae20eA2ab20f77f,4f3c5eBcbE3E3Cee8dCfbcedeBfdAEB6AAE3b4dc7b9da127da3E22eafCADFFFC
36,Chasing Dreams,/solam/quae/nos/exhorrescere/quia.bmp,Mango Sticky Ric,Jacklyn Line,2008,classical,/apte/personae.d,Ca9FBd699fBA8eFFbcA1DbE6aafeECab1D8EacD0869ab20eB052ffC72cCfC6Fb,c8C8BAdc1ceCdFfFBd06a02eb2afFc9AEed2E8A6bac4CDEBFB5509BFACcD41C3
37,Silent Storms,/quorum/facta/quem/ad/verbis.bash,Turkey Bacon,Sherill Stoop,1929,edm,/illud/ocurreret,C150Db465bcFb9a2017a82fcd7BF4B14CAEd6CEbCA5B3C4bEe5e3632FccE3f0e,AAaE06DacF5E77cCcaFaAECE4bEAC40F603EBEDE469BbFfbDb0e69fEba2Dfa8c
38,Voices from the Past,/male/credo/adduci.desktop,Magnetic Puzzle ,Reinold Lygo,2052,classical,/filio/adhibuit/,6dF95fecF8797b4EdDDECfEfD9fafaAAbc2bC5b8fBdBD0ABcEeBCe6dffA0399d,AC3FcA474BeABC5dCa36834D2C5fdaFd6fDFc0DaFd12245cDbFf22dcab004cBD
39,Voices from the Past,/propter/eas/consequantur/cum.yml,Cocktail Shaker ,Reginald Epton,1951,classical,/tum/solum.apk,FD7FF6ce7fdfD32c522efDCCFc1ECFABfE1c3Dc0d2ea196d79cfc4D9EA53e1Ac,84d8B4a76ECfBaF75AacE6EaCc7fd8A04B2eDDEeBCa0616deA7afaa8aAACBfef
40,Echoes in the Rain,/canes/si/equos/si/ludicra/et.xz,Snap-On Tupperwa,Amie Thornber,1975,edm,/dominorum/domus,DeDF1edcACBBA31f5ed8aEe2EDe28FfD8fF2C7C3f24EC3cFdC27c336FcfFafdF,eA5084F5BBa50FAEfe6a74fCe0cadd5C7aFBAE72c7ebc3CE6F3ba9ddBBDfD6bd
41,Infinite Horizons,/quae/corrigere/vult/mihi/enim.pem,Adjustable Bar S,Edy Martindale,2011,rock,/nam/libero/temp,a6cB7eB6bf7C1d7FAcbDedE5089daA3fCe1F8D5e4e8Af1CB3DeF7Bfae53baF9A,FF47E45fdFB0CDA21F4ABdF2bAF6A9CcAfbece09a0AB0Ae02aeFeCbf9E74daa0
42,Dancing Shadows,/ita/potitur/bonis.pgp,Training Soccer ,Ozzy Slixby,2099,classical,/inter/argumentu,794395eBb2A6dcaD67BEdd7d7b35c4Ee09BaCcCcb9fa5BF96FbfcdCCAfbEd376,830FbdfB7fb3ecAA1cF695bFfDBCCDaf3EBde7e31Cdfcc8ffFbdFA1ffD0DcecB
43,Whirlwind of Memories,/prorsus/medium.csv,Mediterranean Ol,Leoline Lemarie,2032,rock,/esse/videantur/,e8CDBBa5fCf2BAAFf2e27f1ee37aAefdc30831C3EeCC4CCe55D98F5BaC0EDe0F,E01bDEa4dEc80ed9b1D51BeF255BDDEEdeDCefdb6EFDf397Adbb7CA15CA6cacB
44,Winds of Change,/gaudere/ut/hae.sql,Almond Coconut G,Magda Janecek,1969,edm,/omni/sale/idem/,d43fACEfF2feCCfA74433FDfa8ac6CcBeAdcdA4E6EFe13dFCAC0Be451a641acF,cdA79cAEB3cC4Fec5AFafd2fFed7ecfA18Fb7CCCbc9Abe9CD2BdffD3FdAf2bc7
45,Winds of Change,/in/disputando/pertinaces/exorsus.key,Cotton Basic Tan,Glyn Stive,1939,rock,/causa/probamus/,E2fA5fDB0c2DD1dDa321cAD4DffaFb6a77FE0a48Fc998ecbADf9a8Be0ddd8E48,Bf3AeFDD453fdbDb4E4BCB53de4cFf2FD2dCCeCDfF4bf1EDFa94AEEC8cb128ed
46,Silent Reverie,/ille/melius/addidisti/ad/extremum/facilius.jpeg,Samoas Cookie Mi,Inge Unwin,2001,rock,/ullius/oratione,9a0fcAda1bACFadCCaCcC934Ea58fce2D14bDdDFFFeB91A5129A0BEC0fd8AfCc,7c5F8adE2FBcbCc5F80E3df4F8b7bd5acfC8FeCCAAEC3FECC2Ec1Aa9cADa09c0
47,Eternal Dawn,/iam/ipsi.json,Savory Rice Cake,Xaviera Arrighi,1967,rock,/tum/spe/est.bz2,fe15bEDE8Fdc54f0bd339fbFdd1a5BFd3aEaDAfACA78CBEB1a6CfeA009cdaAA6,71D4c37b4DAce268dcDeee51Ac4f92a3DB29B251c0B9cB2a7e7ACfCc3ECbeCe8
48,Dancing Shadows,/qui/consequatur.js,Plaid Flannel Sh,Durand Ivanenko,2096,classical,/sublata/cogniti,Ca1F1f5D4dfD0bFb095DC9dd0DDcD7a38Cec2b3BBd7DFC7cdcBe9fcAc2EdB9bb,e9Bc02b61FabED16C876d98Adb7f6A6FAaFAE5ae8a46d2beED81FCB9Dcb7469F
49,Melody of the Forest,/vera/nihil/afferrent/quo/quibus.mp3,Almond Coconut G,Laurice Toy,1952,classical,/accessio/fugit.,9aC6F6c410ae59Dd0b7Fcad8fE7539DCa8FFD86AcF04A6772302acC4947EDfb1,Ec49F0aC01bfBb48EedeeC31cddC1FEA550aF5ABEEA1bA6AE1FD2BD8Dfe38bB4
50,Dancing Shadows,/minuit/et.jks,Self-Watering Pl,Isiahi Wyldes,1945,classical,/repudiandae/sin,86fedD7c3EDAE2E24b3E3D1BCc5e06D78197F8f9E7effFf9DE4f6719CdDccCf5,DB881aEC361DaefeFc0fccFE9C85dbb36CBde8c558acA6dBF70B4CdFdfBCfadb
51,Fading Echoes,/inquit/sic/agam/ex.desktop,Apple Juice,Stevena Guise,2031,edm,/hoc/institution,D9AAe5cA7de14Cc3FFFD99FdB8fB5DCecEA4A1D8DAfca791EBeccBde850e1f96,2ceAedCfbc3dABcE30CA5EC1dbad3e796b7be4D1c1dc6cAdd2C9ADee69ac4fe6
52,Melody of the Forest,/non/conturbamur/ignoratione/rerum/oratoribus.mp3,Wildflower Honey,Randy McClaren,1944,rock,/ut/atomus/alter,aA8eDbcFEA8B49AC1FcbCAeE8DB8b5D0C4B540622bccDeE26C6aF8C2dA3ccFcC,cb0Fd0dCAC4ec8DFeA58BCbfc5ADdcBdfC5D6F99CDdc1F8D43BB7202BdbDEF22
53,Radiant Skies,/est/intercapedo/molestiae/latine.jks,Wall Art,Schuyler Totaro,2067,classical,/corrupte/interc,2bEAb8Ad02E7dfF1f57efae668EdAAF5FB3AB3CBDEDA1bce8CE3aFDE0Ec6CaAB,8CeFfeFF60AaeFAef3e7Ec1bbA0FfF1ecDEBdAcfB5E3956A0CCeccCe6AcA2d1E
54,Silent Storms,/quod/profecto/numquam/enim.ppt,Portable Dog Wat,Neile Feathersto,2031,rock,/ipsa/quae/quali,ccCD0fb3Cf84AaCaC3E7916EeAfEfffbcdEC01faAdCB9C1De44cBab3ade1bd19,4Bb96dEca8BBe1ef71E7821bC37A27Da8CCe98BFBc8df6DD8BBF4A6EF09A13c7
55,Radiant Skies,/locum/comit/multa/venustate/igitur.rtf,Roasted Garlic A,Free Janczewski,2060,classical,/eius/scientiam.,Ba2A7Dde8Dc4Da68FcE9fB0CcbDa4ECa5eAaeAD9EbDdaabeae2Bc06E5F3CDeAC,c5abEBCDec68ED48ccB20e0F2EA5ad32a3dB3cEBE3AEAcCD2dcDc1AdCeedba31
56,Lost in the Melody,/consequantur/plerique.pub,Cinnamon Apple S,Hyatt Laytham,1910,edm,/migrare/de/sunt,Cf85EaBB9a1F82bcAAeeaF8dd223c0b541fcFaE6bEd092Cc60F5BDDE5bDC483A,E2FcAb4b3eFd57bA5Db736cfc801D0a14FC1DCade348Ad581b5A3aE59cc1FfDC
57,Journey to the Stars,/corpore/qui.deb,Adjustable Kitch,Faustine Thalman,2052,rock,/labor/iis/igitu,29FdfbFab2e2D0DDe77dCebAFe5EE569128cFCCC51Fa1Ef10D4CaacfdEfDDcCb,7C95ADdDdc89CBC02e2DCEEa9AB9d231DBA7B15cf1afDFE8E5edDCd1b9aDb9b5
58,Voices from the Past,/et/iusto/eadem.htm,Vegetable Stir-F,Lorine Sanbroke,2099,rock,/modo/efficiatur,d5ffBcDfeDEfa6FAd34edBF8B37DE7778cBdF05dA2f8Ff76B9957e3cEACCFBA3,ceBF641bcbCEe58BF5DDD89AEDCd0D3c2bcbABCFF9EC9e3e2Bc7af6f3e2ffEeA
59,Twilight Reflections,/in/poetis/evolvendis/ut/ego/maiorem.ogg,Fitness Foam Rol,Lilah Othen,2008,classical,/loqui/posset/co,E22ff6DfD8c1b5173EAe6deD1FBb9bd1B9B9FaaCAccc3f1DEC64bFc868dFf84F,BDfEFcDDFdf0Dfe0FFA072D5BD8aBEdecaaA4f4DdbBfcAc8c5CCdfcBccAeb7FA
60,Whirlwind of Memories,/graeci/telos/nominant//quod/multa.mdb,Black Bean & Cor,Aubrey Helleker,1953,classical,/numquam/chrysip,eA74caCBbE44eE3dfD7FC097aFF4eBebFFEfe0EDF9adAEcCEfDfAEDb7d1f3a7F,BCFEfEA8f6e9FdEAAD1251aE5da2D9De293eFCf5F47e7cBDcBE0ca9dF88bfcec
61,Whispers of the Night,/expedita/distinctio/nam/libero/animi.desktop,Window Blinds,Belva Feander,2066,classical,/sequamur/et/tem,b4Ad2eCAEb6cE1b2ecC49AFE5c0CaFD700ef92De1BD6be1bEeC1CCD7ADBab5Cc,2DD829debE84E94925e213d87c25bc5feE2AAaDed3fCCC6Fc09aeeAAFf3BaFDA
62,Fragments of Time,/quia/bene/navigandi/rationem/voluptate.jsp,Shatterproof Win,Roland Reinert,2011,edm,/et/angusti/aut/,fAaBB2F4Bd07aBccc958e2FecF76E2fAabd49631CAECEde99ec1d4AcEFaFC97d,4e4A4cDD3FfdE4cebDAeBaA37ec3c876B1EAEfA2DA52BC7ea92dec1e8ccF51B0
63,Morning Serenade,/una/in/domo/et/ea/illius.txt,Outdoor Portable,Kore Cruxton,1994,classical,/sed/ad/haec/nis,D7F1Abffc8eCD5AeafcE3f1c7E3abA0ddf41bBbF4aeAB5F2B02fBEFAebeAA2de,2bDE3fFcFCa99FDFDcabbEedff25daF09fc32b5e3EbCCe1C9cFfFBEFdDCc7ACB
64,Colors of the Sunset,/esse/patria.accdb,Self-Massaging P,Nikolai Veryard,1968,rock,/infanti/aut/inp,14d0Ca3ad7aBfbF2dE6e4EeAeFcFfba2CbAe7Ed04F22F88bcCAcEA5DaFfAee2F,bFdF7Cca1ACfbfE3A9CbE9c8af61aCbDEBE2FD74aF3CEFc6fD9AbDA8bE462EC8
65,Radiant Skies,/difficile/est/tamen/voluptatibus.pssc,Compressed Towel,Thedric Tabram,1948,edm,/cupiditatum/han,DFE0AFDC9fADFcCBf32F13d5eefEC2E1c3A2af2fa1f6fBeD28db0Dea57D8cBdA,6ee95bdD0817D84BF2baCb7aE0FaAcbFE7c4E381AE4dDDBc3BaBD2FC21e2999F
66,Voices from the Past,/dominos/esse.mov,Watercolor Set,Westleigh Breffi,2003,rock,/efficere/possim,C6eBFcd7C5C95fEdA6Db22E3409B69462B9A5b3f3AeF29FFACd4C4cbA6F2Bd94,2f8fbfeedea9FCeb12BB3dE9A1EfbA9CF6CFaBbA8fF263DdbcC252bac8c7522d
67,Fading Echoes,/distinguique/possit/augeri/impedit.json,Ceramic Non-Stic,Schuyler Sowter,2090,rock,/quidem/nihil.ym,47FEC2CfFfeaEe76FABDcE844De9b2AcAC68b35daECFA9BBfA1Cf9bb0df2FeD1,A56aB94FFaF2BdcfaB60cfeEbBDD1BAceEDC75E0389D4200baFedbEfFeaDc304
68,Twilight Reflections,/male/credo/mererer/praeterierunt.exe,Sweet Cherry Tom,Rand Caveill,2039,classical,/concursio/hunc/,B71d72cCDdDa68d7cCBEaFadfaA9FDE3F3b9CaA7eaecAbdfDfF4D85FeaeDb30d,fffDfE5338ADAB6DbcAC781fa1B456Da2F6E3c4aFCb92A8AaeDAdA6CaFDec5BD
69,Whispers of the Night,/atque/in.torrent,Chunky Knit Swea,Anjela Crichley,2093,classical,/sis/aequitate/q,EE56cbBb7Acb8DeFED0BA4Aa0bbBA6ABbBF58C2CFcdBCdDb5Cec5caf7A5a40B6,BFfDe540e5DaE5BDebabcC7efDFffAF852A5e9dc8fCb2405bf6Ec4CFBcF54eCC
70,Waves of Nostalgia,/ut/cum/voluptate/vivatur/quoniam/supplicii.yml,Pet Safety Harne,Kilian Knath,1911,edm,/ita/ruant/itaqu,EDafaaAD4B9813c547dcbe7B9fFdD1DdC1e6F46e7Bf72E8e21DfaeedfDE0bAcb,b1CCA0CCeFCaF747eCb5bFbCFd4e0fdfF9eAc9Bf8BafABbf6Ad7D02cAeEd4bCB
71,Whispers of the Night,/enim/aeque/doleamus/romano.cue,Chipotle Lime Sa,Caryn Cribbins,2088,edm,/voluptatem/sapi,f42BD10b9BE66A6FFbBbE2BaefcFE83da35B83e5E167D7FE8ef8c27eA8A7C8AD,0BDaBE78afeDaeCffC6c59fD0ADC1d4F4bf5BFBd11Db02Ce787e3c8573adecfb
72,Melody of the Forest,/falsi/ob.jsp,Laptop Backpack,Shamus Roath,1960,rock,/nec/modus/ullus,fb9aEAeccEaaacF6AaEFcbEC0dFE4f0AB84DefeF31ED6CAd8D6a2BED0FD5b5Ec,29dAEBCBF9B4Fc9ACC67b0Cfa79aFEfB7abFCF0fC08bA0ca28E9cAA1daaa3249
73,Winds of Change,/graecis/illa.msh,Motorcycle Phone,Adah Garrals,1965,rock,/declinatio/ad/p,b1dB15bB784dbbcdacb06AB61aEAeeeF78EabaaA82Fa59dffbc6DF1ACdD60B7b,C77cf03eB42AEAC4E9CdBCe5b24DAed6b294Ec384bBFb6aeDbbA2acA0894D10B
74,Heartbeat Symphony,/propter/amici/voluptatem/hoc.torrent,Kids' Craft Supp,Madelene Ramberg,2088,edm,/vivi/neque.cer,60EC9dDCAa79498B8bB4BaCeaB05Db4fd3f8eeb5dCEFffFFAACdd5fbFB39ACeD,0AaAdc3bbc8B2c0aA0dcCBC9a4E6c97ECFDb43d0FC7cCc4daC3A865E5ed0CBdD
75,Fragments of Time,/laetamur/amicorum/laetitia/aeque/atque/procedat.keystore,Dark Chocolate B,Brandise Corrao,1958,classical,/esse/rogatiuncu,9aAC2AeF40f8cA5EaF1dCAdc5BDdCaFacfDBEB10F7aDDF42CBAD1dAEc552FbEb,81fCDf79ec0ABfeb7b5c0CbaBc7F1cDa9810C2f3adA92FCBfe8e9D26EdadbcCf
76,Waves of Nostalgia,/deditum/dicitis/non/posse/reperiri/albucius.rar,Spicy Thai Noodl,Kent Estable,2056,classical,/est/tollit/defi,e4FaD1dfBf0FEFE6fCAbAccccb14e8cBDf6ceFDfA9a5d541Ab332Af6dF08FdA1,99e40D2FE63FEef9dB8DAAdE84AD173a6eC44C850cDcF5B4D55F1BB3e2bFCbfA
77,Chasing Dreams,/affecta/secundum/virtutibus.aspx,DIY Candle Kit,Titos Goad,1963,classical,/ille/vult/expet,cE41F57BAfA2aFCEdc2D0B9Cb7f30855Dcd697DACdBA4A8F3566DfBDfd8C0AdB,Ca2da8a7Ee83BA8DfeBc8a4BcaBabc1EBadD1BbCF4B724c2BaFAcb3aa19a3Efb
78,Beyond the Horizon,/plato/in/asperner.docx,Potting Soil,Minnaminnie Grim,2074,rock,/quoniam/erunt.c,6De3B1C1aa7D3EEEeda1D3Ba5df96A0Ad0d7A9cf9aba9cfa5f96effA8EdaA1be,2EEFECa69FbeeEBaabdAfd1EAE7Fc1dbEba7DF7e6C5D9e9f7dbBbadBCf1Ede0C
79,Colors of the Sunset,/ferant/honestum.cue,Pet First Aid Ki,Sophia Havill,2030,edm,/saperet/aliquid,3bcFDEcCE9ABEAf2BCBbeBe4D16ABF4EDC7Cc6CB5abAFb89FB6EFfb1EbbEd3Fc,fE0Af9EeBfAfaA5CdCd6db96348A5CddF5b29BAFEDf2Ca7cBdaBaeD962EaCC27
80,Chasing Dreams,/autem/quondam/a/l/ille.keystore,Air Fryer Oven,Feliks Foulger,1992,rock,/miserum/tali.ms,4DFcCfEd9B3bEba4df1FcF87C3bF6DDe41EeFdF4dedA0BA53C06E2DB3Ac2E5f6,fAdA1e9AfF2fCA465ccaCcFeD5f0eafdF839fe68ba222e99EaB4f931EDAfCfcf
81,Heartbeat Symphony,/vitam/amarissimam/necesse/dixi.accdb,Cinnamon Sugar M,Donielle Filde,1927,edm,/in/se/et.sql,C9FCFaaf1E4dAE2A9156CAe670ca391d8ebCCcF2E51DA1D5CB3Eb8eDbeB0DdAa,a5C45EEAEDCa7F8dAFBc0bB0Bcad6C9c6Da9DCce29EA2FD18e72eEdAcC2dAcdd
82,Dancing Shadows,/nec/impensa/sed.odg,Mushrooms,Sybyl Janssens,2035,classical,/et/debilitati/o,CEAfFcCf8ceFc0cE3BceC0EEa34C5Bb6fF018bFF2b61D7Ec1Ea88a7a63db0D7D,CFd0E3D5a88dcb1dddAE2BfaCedDFFb648ded77d9dAaDE6Ae0E6ed50edFAFA2c
83,Whispers of the Night,/quod/summum/est.js,Pleated Midi Dre,Millard McAlinde,2070,edm,/et/minus.ps1,E3Dd143Eb23C1fcF03dE7ffb0CbfC1cD4Af58a32C0bBB0De0F6BCcFbdC809f9d,98E5Ec4b7cacdfCEd3Eb7Bef9edF965cB23cbDcc83Ec96aacedda37fab0B1CaF
84,Radiant Skies,/voluptatem/ut/enim/hoc.msh,Personal Blender,Lauren Merrigans,1981,rock,/percipi/quos/qu,aAdfeEb2e3dadef4B13aa8CCAF81Ef7cbb3B8fdEA3a1Eefc7acbE9fDFACBB4be,D8CEefD53a1e3ACE517A19cE0B3E0aAC67AA8ed9BbbF6FcdfDaAF7bf4BbBEbf4
85,Starlit Pathways,/ne/temperantiam/numeranda.bin,Apple Pie Fillin,Dell Dericot,2073,rock,/vitae/loqui.md,c05D25CF6fCF5dbECe401fDd4B8e8036Bc7AAE0E0af1859DB70FBdFCcD27a8aD,0e77a0EBcAebcb5fd1bAaA8db2d4d28BefA0A32A7E3AcA22Cfa4c7AAE5aEe4cA
86,Morning Serenade,/ne/naturales/pariatur.cfg,Robot Vacuum Cle,Elisa Mariotte,2073,classical,/eum/erit.html,26E5EbAF6afAfaebd0cF45Cd9bBfDbDDfeE27DBC3CDB0FAbDbCdeacbcfeeFdE4,EBEe146CaEF6fd44dCc4e7CBCDb3FFCDaDd7f9a9e5AC6EE3ed9aa1bDFfaBAfd4
87,Songs of Solitude,/voluptatum/seiungi/hoc.log,Spicy Hummus,Hedvige Shawcros,2066,rock,/et/democriti/er,CadedBC1D7BB1f49eCD9CEB108A2facfC1bcF5Ebab4fB81c5EDe7CCC3acd2F4e,D35c34ACAcCaC1f697befB30Ffd8e934cdb5B675FfaE9bCCe7B84A8E4EA02d21
88,Lost in the Melody,/attingere/me.odt,Digital Wireless,Tarrah Larkcum,2042,rock,/dolorem/pariant,DD6CFa4F15b4Bc3dFdDfe1B471dFA8b7CDeA14d96B8FE6d5ADaC9D5Ef9fcaf79,c5ED6A17f2dF7dc2Ff6DCfa3AAfbDafbB5eaaAeCdEc0AE6AED9Efe3dD6ddcCFC
89,Fragments of Time,/ut/calere/ignem/coerceri.msh1,Kettle Corn Popc,Brandise Ginglel,2035,classical,/adhaesiones/vid,a1AaAafDffAfd6CA4615d9759bb20cC6eA369E0DFCcDCE8bfbc96f76eBEb2516,Ee1df1E72Fe2C55bB1CE44Cdc5E4aFFCcD7Bd5FC5A4f4efFb4baeeFdEDE732C0
90,Dancing Shadows,/tum/innumerabiles/mundi/qui/et/et.nrg,Juice Extractor,Conrad Schulkins,2040,edm,/quandam/tempera,6E0AdfEbbAcA038bBF35aAa0F633Ad5ffabB14a4bf5ff49Fbc0d91Ddd11BdFdA,9b0D0efCeECBCfE3eeeD07eF2CCEBafe6ee9Ff72cFcBA253fDC3CD83df8f7D1B
91,Fading Echoes,/priventur/etiam.pem,Mango Chia Puddi,Kyrstin Holbury,2051,classical,/studiose/antiqu,9CabdaAedd41c578DFefADfb9cc7af2Dd57Ac6Edf1Ed3Bdc05BaAA28ad7b3fEE,e8d3e7bEb069650b6c8B854fBB7D8CbDFA4CdDdDCDfaEf143EC805fEFBd4b74A
92,Fragments of Time,/laetitiam/id/quid.css,Saffron Rice Mix,Sharon Somerbell,2053,rock,/nec/fastidii.ms,C3Fdc065B2Cf46FdAbB27aA6C63EdF735cCf3FCf25BBD9c0D1cc3AbEF063f909,a8BfC11DfDc39AFe22FbeCba61cD2ccEAeECbCBBA42FDc12AEa8E6633Dd6E9cD
93,Melody of the Forest,/stoici/illi/enim/negant/esse/voluptaria.wmv,Strawberry Rhuba,Thaine Frenzel;,1972,edm,/huic/liberation,6b92677D0eBeDec6AcfFf8eD3BFeBcCBE4EFeEdd0Db0cb1C02f0471C5dFf02fe,d69fbbaE7C4efbf8bcc2bffCaA5C0986bD0cbceD6E3c7bbE7afa7AbD3706CfFa
94,Harmony of the Seas,/quae/voluptaria/delicata/mollis/habeatur/quo.odt,Laundry Detergen,Gene Sallowaye,1997,rock,/postea/variari/,c3EaACaf6Df8Becc0ceefBA79dFABFBEaE3Ab8cf27DBFaeCf77eDfCdf8Fb3eb8,149DCEaB82BF33E5e7AC0CECaBe3f5aAbD2BabCfEE2aD17Ce9eEe7eAf2aaB6Bb
95,Shadows in the Moonlight,/expetendam/et/insipientiam/propter/molestias/sic.cmd,Chili Powder,Sigfried Klimush,2012,rock,/in/his/parte.db,cdfd3bBefaA9B76e6b5Bf7d8B2ad1a76eAbB2fedBEd8B9FFFC88dE0439cdA2ae,eBDCAFbaB61ffe65fd9a6BB3bc8aC81AddFFeeC05FcAEEe4f24CBDDDDFB2EDdE
96,Colors of the Sunset,/gaudemus/omne/suavitate.tar,Matcha Green Tea,Rutger Demcik,2061,rock,/eo/delectari/qu,AbaBE02528Cb1aD6fEC6BFADe3BFCE2ACEa5dD0b3c9eABDe29fDB511bC91b77D,e02CFfb6A4Efe856E2cfE9B82B184B55855CFbCa55D0bD06B383883cCC3DaEBE
97,Winds of Change,/quibus/si/ullius.rpm,Mini Air Hockey ,Archie Wing,2046,rock,/eum/necesse/alb,d826EeaAfE6e35cEb3Fdc9ECFDCA5eeC24aaDCe6ebACBA26C3bd75AE9cfAeA44,1ff13BDdA6bEFFae3eeFCcafE7F9Ee0c9Ca6d9a3F8afdafAccABfB188F7Fd02c
98,Journey to the Stars,/malis/ipsa.svg,Bird Feeder,Emmalynn Capenor,2088,classical,/et/fortitudo/su,2bdE5EeC5fEdD652a5aA3651B12aBbB1eda1bAd9DB4BFf0EabaBeFC7eE2Ba6C5,34C9ddef57F8FFAda4BCa4bda9A043cA75feAd8EdafA1C6C6cCfbCFBa6Ef90b4
99,Dance of the Fireflies,/quod/vitam/adiuvet/quo/facilius/multa.jpeg,Portable Solar P,Evelin Martynov,2041,classical,/exercitationem/,6C5ABdA30eEE71CaBa8FcaBeFb10E537fd30DDfbc5BA9eAe5EFD8fE19dbD30Ef,EFFaBA95eCa11EbC97eafdDed7cF6eDDCa2ED9973AaD1fa1d7E64d17d3eA2daB
100,Echoes in the Rain,/nondum/depravatum/habet.ods,Portable Folding,Artur Dahill,2014,classical,/possent/sine/do,43EEBc0Cffa5E6A64dfBfEaDBEabBbccCBfEE5C9aa98dBFaA1cBd69dc7EC3FD9,0dC51da8Ace7FFba6b91d3714cEaDe2be1feBc82B68C7C09bB0Ef32f7642fC83
