track_id,title,image_path,album_title,artist,year,genre,path
1,felis fusce posuere,CubiliaCuraeDuis.avi,nisi nam ultrices,Cassy Reinbeck,2024,country,UrnaPretiumNisl.ppt
2,mauris,FermentumJusto.ppt,platea dictumst,Mercie Skurray,1986,pop,VolutpatSapien.ppt
3,tellus in,Elit.ppt,at dolor quis,Griffin Macek,2025,punk,DignissimVestibulum.mpeg
4,turpis a pede,In.mpeg,nulla,Wylma Cornes,2009,folk,VulputateElementum.tiff
5,pellentesque quisque,Sed.tiff,dolor sit amet,Madlen Silverman,2022,classical,MetusVitae.xls
6,fusce lacus purus,VestibulumAnte.jpeg,duis mattis,Wallis Camings,1971,hip hop,Odio.xls
7,quisque id justo,AmetNullaQuisque.txt,congue etiam justo,Melodie Wrightham,1963,folk,PellentesqueUltrices.jpeg
8,non mattis,DiamIdOrnare.png,eget semper,Caldwell Irvin,1967,hip hop,Donec.avi
9,amet sem,Hendrerit.xls,lacus curabitur,Muffin Trewhella,1956,rock,NisiAtNibh.mpeg
10,ligula,VivamusInFelis.avi,sed tristique,Joscelin Hannabuss,1998,indie,AnteIpsumPrimis.mp3
11,mattis odio donec,Lectus.png,est quam,Giffie Ragdale,1953,soul,Montes.jpeg
12,leo rhoncus,Et.avi,justo sit amet,North Pearl,1986,blues,TurpisDonecPosuere.avi
13,volutpat sapien arcu,Nulla.ppt,congue,Maribelle Grove,2008,soul,EgetTempusVel.avi
14,sagittis dui,Aliquam.mpeg,leo maecenas,Vivyanne Alloisi,1955,soul,At.doc
15,curabitur at,SedInterdum.xls,nunc vestibulum,Gherardo Snalom,1968,metal,Ac.xls
16,quam a,In.mp3,ipsum,Kissie Di Pietro,2017,electronic,QuamSollicitudin.jpeg
17,vestibulum quam sapien,NuncRhoncus.mp3,sapien sapien non,Gisela Harvie,1981,hip hop,EnimLorem.ppt
18,nullam porttitor,EuMagnaVulputate.ppt,diam in,Robinet Inseal,1978,pop,PortaVolutpatErat.xls
19,justo in,SuspendissePotentiCras.mp3,ipsum primis,Bearnard Ferrieres,2021,classical,SitAmetEleifend.jpeg
20,vel ipsum praesent,UllamcorperPurusSit.mp3,ante vivamus,Hildagard Bonett,1971,country,SemMaurisLaoreet.pdf
21,fusce lacus purus,IdLobortis.txt,pede,Coraline Flemyng,2008,metal,Elementum.xls
22,orci nullam molestie,EratCurabitur.avi,suspendisse,Mel Daddow,1985,hip hop,EratIdMauris.xls
23,elit,Cubilia.tiff,sapien non mi,Tobin Mulvenna,1992,classical,IdPretium.doc
24,ipsum,Blandit.gif,primis in,Igor Lanchester,2022,soul,DuiLuctusRutrum.ppt
25,ut mauris,CubiliaCuraeMauris.mp3,id ornare,Jamie Di Carli,1959,folk,InLeoMaecenas.pdf
26,cum,Sit.avi,id ornare,Ezechiel Blackall,1968,hip hop,Orci.xls
27,sit amet cursus,DiamEratFermentum.xls,et,Stinky Bilham,1994,metal,SitAmet.mpeg
28,nulla facilisi,QuisLibero.avi,morbi,Jay Bernardo,1993,folk,DuiProinLeo.tiff
29,maecenas tincidunt lacus,ErosVestibulum.jpeg,non ligula,Marwin Goade,2002,soul,TurpisEget.gif
30,nulla,CuraeNullaDapibus.xls,lorem,Sol Piesing,1959,hip hop,LiberoNonMattis.jpeg
31,id nulla ultrices,Varius.xls,justo aliquam,Sheffield Hindenberger,1973,pop,InFaucibusOrci.xls
32,sagittis dui vel,EuNibh.xls,aliquet,Tulley Dickie,2012,indie,IntegerTincidunt.txt
33,enim in tempor,Sapien.avi,eu,Meade Fox,1987,rock,MattisEgestas.avi
34,libero,Donec.ppt,at diam,Annemarie Arrault,2015,R&B,NequeSapien.txt
35,gravida sem,NullaSuscipit.avi,imperdiet sapien urna,Kristofer Jerrard,2025,classical,Magnis.xls
36,in porttitor,NullaSed.avi,pretium,Gabriel Whatsize,2021,reggae,Justo.xls
37,elit proin risus,MontesNasceturRidiculus.tiff,rhoncus aliquet pulvinar,Malanie Shadwick,1982,hip hop,EtUltricesPosuere.mp3
38,ultrices posuere cubilia,UtUltrices.avi,est phasellus sit,Stanislaw Bickersteth,2016,punk,AmetEratNulla.doc
39,convallis,Ut.mp3,lectus pellentesque,Mackenzie Varga,2007,folk,At.jpeg
40,eget,SodalesSedTincidunt.avi,quisque id,Towny Antill,1957,reggae,Dui.gif
41,scelerisque,NullaMollis.xls,duis faucibus accumsan,Alane Warrack,1966,country,Purus.ppt
42,nec,Volutpat.gif,augue,Willie Barstow,1975,pop,AtFeugiat.jpeg
43,ipsum primis in,Ut.avi,augue luctus,Reba Lawlance,1971,soul,GravidaNisi.ppt
44,faucibus cursus urna,QuamPede.ppt,nisi nam ultrices,Preston Muffitt,1989,jazz,TinciduntEget.avi
45,faucibus,UrnaPretiumNisl.mp3,lobortis,Nancey Allred,2018,soul,DapibusDuisAt.xls
46,ligula in lacus,AIpsumInteger.doc,luctus cum,Heath Moreinu,1992,blues,FermentumDonecUt.ppt
47,aenean,SedTristique.ppt,quis,Casie Tourry,1991,electronic,EratVolutpat.xls
48,potenti,Diam.gif,suspendisse potenti,Wilek Trumble,2001,R&B,PlateaDictumstMaecenas.gif
49,eros elementum pellentesque,Tristique.mp3,libero quis orci,Ema de Clerc,2024,country,Sit.avi
50,iaculis,UtOdio.xls,sodales sed,Karolina Bonnier,1975,hip hop,AmetJusto.jpeg
51,sodales scelerisque,NequeLiberoConvallis.mp3,etiam vel augue,Gardy Cord,1951,jazz,AtTurpis.mp3
52,amet,Venenatis.avi,elementum pellentesque,Jerad Gaukrodge,2019,punk,PraesentBlandit.mov
53,cras,MaurisLaoreetUt.ppt,magna ac consequat,Guillaume Schreiner,1963,blues,ViverraPede.gif
54,quisque erat,NislDuis.avi,est congue elementum,Teddie Damiata,1982,soul,NullaFacilisiCras.xls
55,nibh,SedAugue.mp3,est,Cynthea Boolsen,2005,R&B,QuisOdio.mp3
56,facilisi,Sagittis.avi,semper,Sula Dunguy,1965,classical,Faucibus.ppt
57,ultrices vel,NibhQuisque.xls,quam pharetra,Christoph Salleir,1970,electronic,Vehicula.mp3
58,mauris ullamcorper,SapienVarius.ppt,sapien,Vincenz Ewence,1951,indie,MusVivamus.ppt
59,primis in faucibus,Interdum.avi,bibendum,Jacquelin Kike,2005,R&B,DolorSitAmet.avi
60,nullam orci pede,Dolor.xls,venenatis,Nataniel Standish,2006,country,PortaVolutpatErat.avi
61,leo odio,Egestas.avi,vivamus tortor,Briano Sappell,2016,soul,EuFelis.txt
62,id massa,VelitIdPretium.avi,praesent blandit,Thomas Absalom,2004,punk,NisiVenenatisTristique.mov
63,justo eu,LobortisLigulaSit.txt,libero convallis eget,Haywood Tullett,1951,pop,PlaceratAnteNulla.xls
64,posuere,In.mp3,sed interdum,Evangelin Adair,1956,reggae,PulvinarNulla.xls
65,nisi vulputate nonummy,In.mov,aliquam augue quam,Devinne Beenham,2015,soul,EgetEleifendLuctus.mpeg
66,erat eros viverra,MetusVitaeIpsum.xls,porttitor lorem id,Elizabeth Scanes,2022,indie,FelisUtAt.mpeg
67,faucibus cursus urna,Diam.ppt,nulla pede ullamcorper,Abe Lilion,2022,reggae,Etiam.gif
68,libero,LaciniaErat.avi,etiam justo etiam,Marlo Ferrick,1983,hip hop,DonecDapibusDuis.ppt
69,amet,QuisqueArcu.xls,felis,Jeromy Berthod,2025,folk,EgetTinciduntEget.tiff
70,nonummy integer non,SemSed.avi,elementum ligula,Filbert Glasson,1961,metal,EstCongue.pdf
71,curae duis faucibus,TortorEu.png,eu,Faunie Vinick,2016,jazz,InLeoMaecenas.avi
72,pede lobortis,Consectetuer.mp3,non pretium quis,Emilie Batson,2000,soul,Nulla.gif
73,sed nisl nunc,NisiVolutpatEleifend.jpeg,accumsan odio curabitur,Weider McCormick,2004,reggae,Id.png
74,ligula,Sed.ppt,pede libero,Claudette Collington,2022,metal,EgetEleifend.tiff
75,augue,Pellentesque.pdf,ullamcorper,Gram Scamal,2021,hip hop,Eget.avi
76,id turpis,SollicitudinMi.txt,ante ipsum primis,Chas Ginty,2025,reggae,In.ppt
77,posuere,TinciduntEu.jpeg,ut suscipit,Lenora Karp,1976,indie,MorbiQuisTortor.avi
78,natoque,NibhInQuis.doc,erat eros viverra,Jack Woodwin,2000,indie,ProinAtTurpis.xls
79,quam fringilla rhoncus,Morbi.xls,mauris,Adriano Blandamore,1950,rock,UtTellusNulla.doc
80,elementum,NuncRhoncus.ppt,quis,Annabel Douris,1987,blues,BlanditUltrices.mp3
81,ultrices posuere,EratVestibulumSed.png,eleifend,Lucille Cardew,1979,pop,LiberoRutrumAc.xls
82,pellentesque,NislNunc.xls,in libero,Claribel Goundrill,2004,pop,Massa.xls
83,nisi,MorbiSem.xls,quis,Cassondra Bumpass,1958,metal,TortorId.mp3
84,elementum,CursusIdTurpis.avi,amet consectetuer adipiscing,Halette McCart,1983,electronic,Fermentum.ppt
85,molestie,AtNullaSuspendisse.mp3,ut rhoncus aliquet,Egor Lowing,1967,hip hop,JustoSollicitudinUt.ppt
86,rutrum nulla,Nulla.tiff,ante ipsum primis,Tamqrah O'Griffin,2012,electronic,Tempus.xls
87,eu magna,Ut.mp3,hendrerit,Althea Sayse,1956,rock,LiberoNonMattis.mpeg
88,in hac habitasse,AtNulla.tiff,ipsum primis,Keely Axworthy,1953,jazz,Donec.txt
89,in leo maecenas,Lacus.mp3,vulputate,Ash Milsom,2005,R&B,SitAmetCursus.gif
90,viverra,Diam.avi,blandit lacinia erat,Annemarie Hughlin,1966,classical,Eleifend.gif
91,volutpat,BibendumFelisSed.xls,convallis nulla neque,Ina Weedall,1981,metal,NullaJusto.doc
92,nulla,NatoquePenatibus.png,turpis,Skye Mc Elory,1974,classical,Curabitur.jpeg
93,posuere cubilia curae,TortorDuisMattis.mpeg,dapibus nulla suscipit,Ingeborg Troyes,1983,folk,CrasInPurus.mpeg
94,nibh in lectus,QuisOrciNullam.pdf,lectus pellentesque at,Willis Theze,1999,punk,UltricesEnim.xls
95,enim leo,MagnaBibendum.xls,velit eu,Wolfie Bridgstock,1970,soul,Mus.xls
96,quisque porta,EgetSemperRutrum.tiff,tortor eu pede,Renato Raffles,1975,punk,Est.doc
97,pharetra magna vestibulum,NonummyMaecenasTincidunt.mov,dictumst aliquam,Wren Flament,2006,metal,ElementumLigulaVehicula.xls
98,tincidunt eu felis,LectusIn.mp3,arcu sed,Dre Mingardi,1961,soul,Penatibus.mp3
99,non,VelEnimSit.ppt,tortor duis mattis,Saraann Muckersie,1956,soul,Lectus.avi
100,consequat,Cubilia.mp3,nisi nam,Kiel Hazelgreave,1952,blues,LectusPellentesque.avi
101,adipiscing lorem vitae,Tortor.mp3,nulla,Beverlie Finnis,2025,electronic,Aliquam.jpeg
102,at nulla,In.xls,dapibus,Barris Baldung,2004,pop,Est.tiff
103,suspendisse ornare consequat,UtBlanditNon.xls,imperdiet nullam,Nicolais Charge,1977,R&B,Mauris.doc
104,vel,TortorQuis.pdf,ipsum primis in,Carissa Fotitt,2012,metal,MolestieSed.xls
105,sapien sapien,Sem.mp3,augue quam,Edvard Standish,1951,metal,Integer.xls
106,sem praesent,ScelerisqueQuam.ppt,integer ac leo,Randi Tremayne,2000,indie,AugueA.ppt
107,platea dictumst aliquam,Nulla.mpeg,placerat,Demetris Uppett,1992,pop,Fringilla.doc
108,libero rutrum,JustoAliquamQuis.tiff,nisl ut volutpat,Mata Roman,1982,reggae,Ac.ppt
109,vivamus vestibulum sagittis,IpsumPrimisIn.mp3,erat id,Celka Kerslake,1991,reggae,VitaeNislAenean.avi
110,ipsum praesent blandit,VolutpatEleifend.avi,a feugiat,Barde Bettison,1964,metal,Sed.mp3
111,quis justo maecenas,ElementumInHac.gif,amet nulla quisque,Pearl Keirl,1969,R&B,DapibusAugueVel.ppt
112,nisi vulputate nonummy,SitAmetTurpis.mp3,a nibh,Anet Giannazzo,1981,blues,Quis.ppt
113,nisi nam ultrices,PellentesqueUltrices.avi,vivamus,Corbin Bayly,2017,rock,OdioCras.jpeg
114,diam id,QuamSuspendissePotenti.png,amet sem fusce,Dede Sadgrove,1956,metal,ElementumInHac.pdf
115,lacus at velit,CongueVivamusMetus.avi,est,Jess Tavinor,2021,reggae,VenenatisTristiqueFusce.mp3
116,primis,AccumsanTellusNisi.ppt,porttitor id,Gaston Tweede,1958,folk,Varius.ppt
117,dapibus at,Nec.mp3,pellentesque ultrices phasellus,Walden Marginson,1963,folk,SapienPlaceratAnte.avi
118,purus sit,MaurisUllamcorper.mp3,a libero,Dela Corington,1952,blues,AmetSem.avi
119,nulla ut,In.ppt,natoque penatibus et,Easter Ewington,2020,punk,Sem.gif
120,maecenas tristique est,UtEratId.avi,convallis tortor,Lorne Tonner,1987,classical,NonMattis.tiff
121,lacus morbi,Ipsum.ppt,luctus tincidunt,Jimmy MacDonogh,1964,hip hop,EstCongueElementum.pdf
122,mauris morbi,DonecPosuereMetus.ppt,ornare,Othella Moir,1988,pop,SapienPlacerat.xls
123,pede,EtUltricesPosuere.doc,proin leo,Ringo Pourvoieur,1980,electronic,Tortor.ppt
124,id pretium iaculis,Tristique.xls,quisque porta,Tandie Kemmons,1993,punk,PedeLiberoQuis.mp3
125,nulla,Tellus.mp3,consequat morbi,Faulkner Nobriga,2025,jazz,EuTincidunt.png
126,nunc,SedTristiqueIn.ppt,nullam varius nulla,Iona Spere,2024,metal,ErosVestibulum.doc
127,ac lobortis,IntegerAc.avi,vestibulum ante,Base Castanos,1992,hip hop,Ultrices.ppt
128,congue eget semper,UllamcorperPurus.mpeg,pellentesque,Allianora Wiffill,1989,reggae,Ipsum.mov
129,pharetra magna,LoremId.xls,felis sed,Rubi Owttrim,1995,country,LectusAliquamSit.mp3
130,id,Congue.jpeg,eleifend,Hertha Harfleet,1958,blues,DonecQuis.jpeg
131,nam congue,Hendrerit.tiff,libero,Fraze Kristiansen,1964,indie,LacusPurus.xls
132,ac neque duis,CongueEget.avi,at,Mohandas Paulazzi,1994,indie,LaciniaEratVestibulum.jpeg
133,ipsum dolor,NibhIn.xls,et,Reiko Renn,1984,indie,UrnaPretium.mp3
134,ultrices enim lorem,LectusPellentesqueAt.pdf,sem sed,Deedee Danev,1988,rock,MorbiSemMauris.ppt
135,vitae consectetuer eget,VolutpatEleifendDonec.mp3,purus sit amet,Sileas Yann,2006,indie,PretiumNisl.mov
136,semper est,NecMolestie.xls,fusce posuere felis,Timothea Goodnow,1965,rock,VolutpatSapienArcu.mp3
137,magnis dis parturient,UltricesPosuere.avi,vivamus vel,Claudie Coye,1951,rock,Sit.mpeg
138,duis at,VelitVivamusVel.xls,ac enim,Aubrie Prestie,1995,R&B,LuctusEtUltrices.pdf
139,proin,LigulaSuspendisse.xls,sit amet,Mayer Ceyssen,1973,country,EtMagnisDis.mp3
140,id,Vitae.gif,lacinia aenean,Dannel Bergstram,1951,soul,LectusIn.xls
141,dolor,OdioOdio.mp3,turpis a pede,Celestyn Willerson,2025,hip hop,CuraeDonecPharetra.mov
142,sem mauris,AdipiscingElit.tiff,adipiscing lorem,Lanny Baum,2014,blues,Praesent.avi
143,dapibus,EtiamVel.mpeg,sapien,Adair Huggard,1996,pop,Felis.mp3
144,amet consectetuer,ScelerisqueQuamTurpis.tiff,platea,Jobyna Arnault,2019,electronic,SedAccumsanFelis.txt
145,integer a,PlateaDictumst.tiff,sed,Gilbert Mathivet,2013,R&B,RutrumAc.mp3
146,odio,AugueVestibulum.ppt,tincidunt,Sascha Antowski,2004,electronic,AliquamSitAmet.txt
147,in,EstDonec.xls,nec sem duis,Cobb Ramos,1987,punk,Ipsum.mp3
148,suscipit a feugiat,AOdioIn.tiff,elementum,Moe Scurfield,1998,jazz,QuisTortorId.tiff
149,viverra,TristiqueTortorEu.mp3,mattis,Emogene Poletto,1995,jazz,Lorem.ppt
150,eu mi nulla,MaurisViverra.xls,justo pellentesque viverra,Monte Richichi,2020,jazz,Nulla.mp3
151,volutpat sapien arcu,Volutpat.doc,massa,Quincey Ellard,1968,metal,PorttitorPedeJusto.txt
152,libero rutrum ac,InFaucibus.xls,id,Noami Bavidge,2018,electronic,EuEstCongue.pdf
153,quisque porta,PrimisInFaucibus.mpeg,integer,Theressa Camock,2010,rock,Aenean.mpeg
154,convallis morbi odio,Etiam.ppt,vestibulum rutrum rutrum,Loretta Skyram,1965,country,ConvallisDuis.jpeg
155,tincidunt,Habitasse.mp3,amet turpis elementum,Tyler Greedyer,1967,jazz,Tortor.tiff
156,nunc viverra,QuisTurpisEget.png,at nunc,Prent Ravenshaw,1995,blues,SuscipitLigula.pdf
157,pede libero quis,UtMassa.mp3,odio porttitor id,Shayla Petren,1988,punk,Purus.ppt
158,odio elementum eu,LaciniaNisi.gif,blandit ultrices enim,Raychel Sobieski,1966,electronic,TristiqueFusceCongue.gif
159,placerat,DiamIdOrnare.txt,pede justo eu,Carmela Heindl,2017,hip hop,PotentiInEleifend.mpeg
160,magna,LacusAt.mov,mauris laoreet,Lanita Millen,2007,indie,DiamErat.jpeg
161,orci eget,EratNullaTempus.gif,rhoncus dui,Bernita Withrington,2025,reggae,RhoncusDui.avi
162,in,Mus.ppt,sit amet eleifend,Dorelia Fiddler,2006,classical,NonInterdumIn.xls
163,sapien,MetusVitaeIpsum.txt,in felis,Sarah Biggs,2019,electronic,AeneanSit.ppt
164,massa id lobortis,Porta.tiff,est risus auctor,Querida Beaty,1989,indie,OdioCurabitur.xls
165,porta volutpat quam,Tristique.avi,vestibulum,Augusto Alvey,1966,jazz,UltricesLibero.xls
166,volutpat dui maecenas,EtErosVestibulum.ppt,sapien arcu,Cazzie Canland,2005,country,Quam.mp3
167,suspendisse,ConsequatIn.avi,fusce lacus purus,Ellyn Biagi,2018,classical,EnimBlandit.ppt
168,amet sem fusce,Duis.mp3,nulla ut erat,Perry McPake,2001,folk,QuamPharetra.mp3
169,vestibulum ante,MaurisLaciniaSapien.ppt,nunc purus,Izaak McKerley,2006,classical,VelAugue.avi
170,mauris enim,AmetCursus.xls,non velit donec,Margalo Rudd,1994,metal,TurpisA.png
171,varius integer ac,Vel.gif,integer tincidunt ante,Darb Galle,1988,rock,Enim.mov
172,id,LigulaVehiculaConsequat.jpeg,nulla,Inna Jakeman,1999,electronic,IntegerAliquet.jpeg
173,duis at velit,Risus.mp3,consequat,Gannon Bailes,1974,country,NecMolestie.xls
174,quam pharetra magna,At.xls,vel,Cosmo Poser,1965,electronic,Aliquet.pdf
175,libero nam dui,Faucibus.png,tortor duis,Marcie Kingsnod,1970,soul,Dictumst.xls
176,nulla,QuisTurpisEget.avi,id sapien,Verene Mosey,1973,R&B,NullamPorttitorLacus.jpeg
177,sapien urna pretium,Aliquam.avi,sit amet,Mimi Staning,1951,jazz,MattisNibh.pdf
178,mi,UllamcorperPurusSit.txt,ultrices,Barde Bouzan,1959,punk,Pellentesque.ppt
179,primis,EnimInTempor.xls,dui vel,Ingaborg Acarson,2008,metal,Semper.ppt
180,libero ut,AmetErosSuspendisse.avi,neque,Quinn Marley,1968,R&B,Duis.gif
181,nullam,Sit.xls,justo sit amet,Martynne Faughnan,1971,rock,LoremVitaeMattis.mpeg
182,libero,ProinAt.txt,turpis,Carce Sach,2025,jazz,LaoreetUt.ppt
183,condimentum,RhoncusDuiVel.avi,ipsum integer,Jay Whayman,1993,blues,LigulaSuspendisse.gif
184,aliquet maecenas leo,UltricesPosuereCubilia.mov,mauris sit amet,Bailey Giffen,1952,hip hop,Maecenas.txt
185,vivamus,TristiqueFusce.jpeg,duis,April O'Doherty,1966,soul,Porta.xls
186,in,Nunc.xls,erat id,Goldy Cypler,1965,soul,Libero.mov
187,scelerisque quam turpis,UltricesEratTortor.avi,erat fermentum,Iolanthe Martinelli,1966,classical,UtRhoncusAliquet.mpeg
188,metus,Vulputate.xls,id pretium,Sibel Enderle,1953,jazz,Augue.ppt
189,pellentesque ultrices,LectusSuspendisse.avi,id consequat,Robby Skeel,1957,indie,EgetNunc.ppt
190,in sapien,MagnaVestibulumAliquet.mpeg,sed augue,Monro Glavis,1966,soul,LuctusEtUltrices.xls
191,sapien ut nunc,Consequat.ppt,viverra,Ursa Flewett,1950,classical,Pellentesque.xls
192,ridiculus mus,Fusce.mp3,eu massa donec,Serene Kuhnwald,1952,rock,HacHabitassePlatea.ppt
193,augue vel,EstCongueElementum.mov,at,Willy Pluthero,2000,country,In.ppt
194,in felis eu,DuisBibendumMorbi.gif,neque libero convallis,Norbert Bowick,1977,soul,Nulla.tiff
195,adipiscing lorem,ProinAt.xls,id,Raye Gouth,2010,R&B,Pretium.avi
196,ullamcorper,IpsumPrimis.ppt,sagittis dui vel,Gena Dubock,1968,pop,TurpisElementum.ppt
197,morbi quis tortor,Vestibulum.tiff,nisi eu orci,Davide Harburtson,2022,punk,InPurusEu.xls
198,sit amet consectetuer,Orci.avi,quis,Rosamund D'Aubney,1972,indie,ElitProinRisus.jpeg
199,ultrices posuere cubilia,LoremId.avi,eget orci vehicula,Sapphira Colleer,1976,punk,PrimisInFaucibus.png
200,tempus vivamus,Eu.xls,nonummy maecenas,Rossie Bygrave,1984,folk,DictumstMaecenasUt.avi
201,dui vel,ConvallisMorbi.jpeg,ligula pellentesque,Lion Eagle,1983,country,Molestie.doc
202,platea dictumst,FaucibusOrci.ppt,consectetuer adipiscing,Venus Baggott,1960,pop,Porta.pdf
203,molestie sed justo,SemSedSagittis.ppt,in faucibus orci,Rocky Bonehill,1964,hip hop,Iaculis.jpeg
204,nulla ac enim,Neque.mp3,vestibulum sagittis sapien,Aile Risom,1972,hip hop,VolutpatDuiMaecenas.xls
205,in libero,Ipsum.avi,erat eros viverra,Cherri Purvess,2019,electronic,Ligula.xls
206,id,DapibusDolorVel.png,congue,Brittan Cesco,1995,R&B,NuncVestibulum.jpeg
207,at velit eu,EuMassa.doc,arcu,Elfrida Yon,1953,rock,SedTincidunt.tiff
208,iaculis diam erat,OdioOdioElementum.mpeg,velit nec nisi,Barbee Beaument,1950,folk,Quam.xls
209,suscipit ligula,NullaNeque.mp3,proin,Ursola Hallewell,2006,punk,Massa.avi
210,lobortis,Venenatis.doc,donec,Jerome Sackett,1969,electronic,LoremIntegerTincidunt.jpeg
211,quam nec dui,TinciduntEgetTempus.mp3,at ipsum ac,Joycelin Jessopp,2015,rock,ALiberoNam.xls
212,luctus,Luctus.tiff,cras mi pede,Cacilie Anan,2023,R&B,EgetCongueEget.pdf
213,ac,AliquamQuisTurpis.ppt,ipsum integer a,Delmer Hassewell,1983,rock,DisParturient.png
214,non,DuisMattis.avi,ultrices phasellus,Ailis Hothersall,2024,indie,Non.mp3
215,turpis,VelIpsum.mp3,velit vivamus vel,Enoch Phelipeau,2002,jazz,In.jpeg
216,tempus vel,AugueVelAccumsan.tiff,ultricies,Babita Masi,1996,jazz,UltricesLibero.mp3
217,nisl,Leo.pdf,dis,Minda Borland,1997,jazz,Non.jpeg
218,nam,Congue.gif,lobortis sapien,Pansie Genner,1978,jazz,AcNullaSed.mp3
219,aenean,RisusSemper.tiff,vestibulum proin,Bianca Thomassin,1969,reggae,VolutpatDuiMaecenas.png
220,massa,Odio.mp3,fusce lacus purus,Abbe Snel,1988,soul,Placerat.tiff
221,id nulla ultrices,NislDuis.gif,turpis elementum ligula,Hewett Shegog,2006,country,Nibh.mov
222,montes,Nam.ppt,adipiscing lorem vitae,Shae Carnie,2008,jazz,Magna.avi
223,justo sollicitudin,SemMaurisLaoreet.avi,non mattis pulvinar,Ede Phipson,1994,jazz,ArcuLiberoRutrum.jpeg
224,enim blandit mi,QuisLiberoNullam.mp3,pede,Brenn Jiruca,1962,punk,VestibulumAnte.avi
225,quis justo,DonecSemperSapien.tiff,eget,Osbert Hammill,1965,electronic,AccumsanFelisUt.mp3
226,a odio,NamUltrices.jpeg,porttitor id,Calhoun Devany,1979,metal,DiamEratFermentum.avi
227,dapibus duis at,AmetTurpis.avi,vestibulum,Fredi Walkingshaw,1955,electronic,Ut.mpeg
228,eget tincidunt,Congue.tiff,vivamus,Linnea Vidloc,1978,indie,AmetConsectetuerAdipiscing.jpeg
229,magna at nunc,IdPretiumIaculis.mp3,nibh ligula,Sanson Genge,1962,reggae,Platea.doc
230,erat volutpat,EgetCongue.avi,justo,Sybilla Petyankin,1990,electronic,LacusCurabitur.gif
231,in,LeoPellentesque.xls,diam vitae quam,Michaella Gilliard,1965,pop,SedNislNunc.mp3
232,primis,Erat.txt,facilisi,Carla Lochead,1971,R&B,Nunc.mpeg
233,integer tincidunt ante,AmetCursusId.ppt,eleifend,Halley Wardesworth,1974,classical,Augue.xls
234,est quam,AcNeque.avi,cursus id,Adoree Lukasen,1997,hip hop,AdipiscingElitProin.xls
235,eu massa,MaecenasTristique.doc,aliquet,Mada Itzkovwitch,1956,R&B,VivamusTortorDuis.xls
236,risus,Lectus.png,in magna,Courtnay Norkett,1972,classical,Ac.avi
237,placerat ante nulla,VestibulumAnteIpsum.avi,dui maecenas tristique,Dulce Gwilliam,1966,R&B,EleifendDonec.txt
238,imperdiet sapien,Lacus.avi,ultrices posuere cubilia,Connie Ruggiero,1969,rock,Justo.ppt
239,dui,DisParturientMontes.tiff,sit amet nulla,Germaine McCaughen,1954,metal,NullamOrciPede.pdf
240,mauris vulputate,EgetVulputate.ppt,aliquet,Raffarty Sultan,1976,hip hop,IntegerANibh.txt
241,dapibus,SedAccumsanFelis.xls,convallis,Astra Illem,2012,R&B,Faucibus.tiff
242,eleifend luctus,Sed.xls,in quam,Laurent Keddey,2004,country,OdioElementum.tiff
243,luctus cum,Diam.jpeg,duis,Jameson Mendenhall,2008,pop,MetusAeneanFermentum.avi
244,quam a,EtTempusSemper.mpeg,pellentesque volutpat dui,Ryan Droogan,1980,hip hop,Lectus.gif
245,suspendisse potenti,OdioDonecVitae.avi,consequat metus,Drud Cheavin,2018,rock,Orci.png
246,fermentum,MassaTemporConvallis.avi,praesent blandit,Christian Brodbin,1995,R&B,OrnareImperdietSapien.png
247,sagittis nam congue,JustoIn.doc,pellentesque,Faydra MacIlriach,2022,folk,AtLorem.txt
248,mattis nibh ligula,EtErosVestibulum.ppt,integer,Annmarie Kubala,2007,classical,VestibulumSagittisSapien.doc
249,praesent,LobortisSapien.tiff,at nulla suspendisse,Deidre Giovanazzi,2004,R&B,LectusAliquamSit.avi
250,auctor,TurpisA.mp3,elementum,Karyl Hughes,1982,punk,Sed.mp3
251,vestibulum,MagnaVulputate.avi,vestibulum aliquet ultrices,Dionne Do,2001,electronic,Vulputate.mov
252,adipiscing elit,Non.tiff,consequat lectus in,Ophelia Dohmer,2024,metal,Parturient.xls
253,felis eu,EtErosVestibulum.mp3,lacus purus,Ray Unwins,2004,punk,InFaucibus.mp3
254,justo,DonecVitaeNisi.avi,eros elementum,Bruis Briat,2018,reggae,LectusVestibulum.avi
255,dolor quis odio,VelNulla.mp3,curabitur,Rutger Antonik,1971,hip hop,Potenti.tiff
256,ipsum integer,MattisOdioDonec.mp3,cursus id,Graeme Rahl,2017,country,Iaculis.ppt
257,integer ac,IpsumPrimis.mp3,nisl,Malissa Gayforth,1968,hip hop,LeoOdio.xls
258,imperdiet sapien,NonSodalesSed.avi,dui vel,Jacynth Favelle,2016,indie,Vel.jpeg
259,blandit ultrices,Libero.mp3,congue etiam,Milzie Klauber,2000,folk,PretiumIaculisDiam.mp3
260,nibh,AmetConsectetuerAdipiscing.xls,eu est congue,Elana Szubert,2024,punk,PosuereMetus.xls
261,iaculis,SedMagna.avi,auctor gravida,Tamar Abrahami,1984,jazz,IpsumPrimisIn.xls
262,pretium,Leo.mpeg,cras pellentesque volutpat,Egan Batterbee,1951,folk,PlaceratAnte.avi
263,cubilia,TellusIn.mp3,massa id lobortis,Concordia Grinov,2010,country,ArcuSedAugue.xls
264,praesent lectus vestibulum,At.doc,id,Andie Pull,2001,folk,AliquetUltrices.jpeg
265,justo lacinia eget,Sagittis.txt,justo,Burnard Jerok,2021,R&B,LobortisVelDapibus.xls
266,vestibulum,EratNulla.mp3,odio condimentum id,Cathrin Peoples,1984,punk,VulputateLuctus.avi
267,magnis dis parturient,Sapien.mov,sodales sed tincidunt,Cordelia Durno,1995,rock,Bibendum.mp3
268,pede,VariusUt.mp3,pellentesque viverra pede,Tallou Dumphries,1969,indie,CuraeDuisFaucibus.avi
269,accumsan,OdioCras.avi,magna bibendum imperdiet,Zuzana Knappett,1960,metal,Dolor.xls
270,justo sit,VelDapibus.mpeg,orci vehicula condimentum,Wanda Leisman,2023,indie,Sit.avi
271,pharetra magna,CondimentumCurabitur.doc,aliquam augue,Gothart Bushnell,1976,rock,RutrumAtLorem.xls
272,ante ipsum,Donec.pdf,sagittis dui vel,Feliks Colrein,1977,reggae,DictumstMorbiVestibulum.mov
273,rhoncus,Quam.xls,lobortis,Perry Attoc,1968,electronic,CuraeNulla.avi
274,luctus nec,LuctusEt.ppt,aliquet pulvinar sed,Chery Caesman,1975,electronic,MaurisEnim.jpeg
275,augue quam sollicitudin,In.xls,tortor,Janetta Tilzey,1988,punk,Tempus.avi
276,cursus vestibulum proin,Pellentesque.doc,duis mattis,Giacomo Feldfisher,1966,electronic,At.xls
277,sem mauris,DuisFaucibusAccumsan.avi,eros vestibulum,Winni Markushkin,1992,hip hop,Pede.ppt
278,ut at,Sapien.mp3,proin at,Kerri Mullin,1954,jazz,QuisLectus.ppt
279,potenti cras in,CuraeNullaDapibus.mov,rutrum nulla tellus,Marney Myers,1963,classical,LiberoNamDui.ppt
280,consequat,EleifendLuctusUltricies.ppt,commodo placerat,Aleta Dashkovich,2009,soul,Sit.avi
281,dapibus augue,IpsumAcTellus.avi,massa,Stephan Jobey,1996,soul,PhasellusInFelis.jpeg
282,ridiculus mus etiam,Viverra.mp3,felis donec,Vasili Dummett,1997,classical,InHacHabitasse.xls
283,primis,FacilisiCras.mpeg,odio condimentum,Hymie Rodolfi,1957,metal,Lectus.ppt
284,dolor vel,Justo.mp3,quam,Wallis Gert,1978,electronic,MassaQuis.avi
285,est lacinia,Vulputate.xls,nullam,Fleming Melia,1955,metal,IpsumAcTellus.ppt
286,aliquam,VestibulumQuam.xls,id massa id,Maynord Bestiman,1965,rock,Eros.gif
287,hac,AmetNulla.xls,nullam porttitor,Kiri Wardingly,1971,jazz,OdioIn.mov
288,cras mi,EuMiNulla.ppt,odio,Cleavland Iacovacci,1956,folk,JustoAliquam.txt
289,luctus cum,CrasNon.gif,volutpat eleifend donec,Witty Greensides,2004,jazz,Mi.mp3
290,sem mauris laoreet,SuspendisseOrnare.ppt,rhoncus,Carlin Whal,2000,country,Pede.tiff
291,magna,IdMassa.mp3,eros vestibulum,David Maffia,1992,folk,Convallis.xls
292,eros viverra,Quam.png,aliquam quis turpis,Meredith Stepney,1970,reggae,Erat.tiff
293,nisl,ConsequatVariusInteger.gif,tellus,Nicolai Beaglehole,1983,R&B,QuisAugueLuctus.mp3
294,at turpis,Phasellus.txt,semper,Franny Dank,1998,reggae,VitaeNisiNam.tiff
295,nec nisi,MetusArcu.jpeg,laoreet ut rhoncus,Guy Burchell,2024,jazz,JustoNecCondimentum.ppt
296,semper sapien,NullaDapibus.ppt,in,Sandra Snawdon,1961,metal,NuncVestibulum.mp3
297,eros suspendisse,Orci.xls,morbi vestibulum,Cynthia Ferris,2000,electronic,Sapien.gif
298,viverra,Adipiscing.ppt,tempor,Sianna Perrington,2002,folk,In.avi
299,in porttitor,LuctusTincidunt.avi,ac consequat metus,Janelle Cornelius,1955,blues,Viverra.gif
300,augue vestibulum,ConsequatNulla.mp3,eu sapien,Brandyn Constantinou,1960,jazz,RhoncusMauris.ppt
301,vel nisl,NullamOrciPede.avi,commodo vulputate,Morlee Grayland,2015,hip hop,Sapien.pdf
302,erat nulla,Aliquam.avi,metus,Faye Gratrex,2009,metal,CurabiturInLibero.mp3
303,mauris ullamcorper purus,Lectus.ppt,dictumst etiam faucibus,Ravid Mackerel,2013,jazz,SitAmetNulla.jpeg
304,ut erat,Eu.mp3,blandit non,Christiana Devanney,1999,indie,AmetConsectetuer.mov
305,mus etiam,ConvallisDuisConsequat.xls,pellentesque at nulla,Shannen Spiers,2005,classical,CongueRisus.avi
306,orci luctus,Justo.tiff,est et tempus,Sutherlan Ruggen,1988,punk,MattisPulvinarNulla.xls
307,mauris viverra,NullamVarius.jpeg,condimentum curabitur in,Dru Rizzello,1982,blues,Condimentum.xls
308,consequat varius integer,Magnis.gif,adipiscing,Dorris Pettersen,1996,reggae,Enim.xls
309,vestibulum velit,Placerat.mp3,nisl duis bibendum,Daron Matches,1998,folk,LiberoConvallis.tiff
310,felis,NecMolestieSed.ppt,dolor morbi,Kelcey Pickaver,1959,electronic,In.xls
311,purus sit amet,QuisTurpisEget.mpeg,interdum mauris non,Freda Lovejoy,2009,indie,Et.mpeg
312,eros viverra eget,Feugiat.ppt,ipsum primis,Martha Tixier,1998,jazz,MaurisEnim.ppt
313,quis odio,Vestibulum.avi,in quam,Penny Palley,1958,country,SitAmetEros.xls
314,fringilla,AcConsequat.doc,vulputate vitae,Marie Spancock,1951,blues,VehiculaConsequat.png
315,nec nisi,TinciduntAnte.mp3,id,Hashim Vannacci,1998,rock,DuisMattis.ppt
316,nisl nunc,UltricesLiberoNon.mp3,ut massa,Godfrey McLemon,2003,classical,MorbiNon.mp3
317,diam cras,ArcuSed.mp3,quam sollicitudin,Pet Loudwell,2000,folk,LectusIn.mpeg
318,diam,EuMi.ppt,felis,Moina Norsworthy,1978,folk,MaecenasUtMassa.ppt
319,ante vivamus,Molestie.ppt,dictumst aliquam augue,Adele Tallet,1984,indie,AmetSem.mp3
320,at,DictumstEtiam.png,ante,Romona Guthrie,1958,reggae,Mauris.txt
321,natoque penatibus,ASuscipitNulla.gif,habitasse platea dictumst,Wes Huffer,2013,rock,NisiNamUltrices.pdf
322,sed vel enim,Velit.ppt,id,Kristina Muffen,1961,soul,A.mp3
323,dictumst,ConsequatLectus.avi,tortor risus,Bridie Trippack,1991,reggae,CursusUrna.mp3
324,purus,PenatibusEtMagnis.xls,sapien sapien non,Nara Barthrop,1965,pop,Nullam.avi
325,quam,Ligula.ppt,pulvinar lobortis est,Michele Elcoux,1990,rock,IaculisCongueVivamus.ppt
326,ut,Et.ppt,morbi porttitor lorem,Jaine Sinnock,1993,blues,HabitassePlateaDictumst.mp3
327,velit,Rutrum.avi,bibendum imperdiet,Jay Vescovo,2000,soul,Suspendisse.mp3
328,ultrices posuere,LoremVitaeMattis.avi,rutrum neque,Lorita Crop,1967,electronic,ElitSodales.avi
329,in hac habitasse,Mi.mp3,quam turpis,Perri Dimic,1956,punk,In.xls
330,mi pede,IpsumDolorSit.txt,mi in,Bernie Quittonden,2008,jazz,AugueVel.mp3
331,vel augue,LuctusEt.mp3,in faucibus,Margarethe Armitage,1968,hip hop,LuctusUltriciesEu.ppt
332,non mauris morbi,InLacusCurabitur.xls,volutpat eleifend donec,Shena Bastie,1972,blues,Etiam.doc
333,congue vivamus,Nam.xls,id,Belia Manvelle,2010,R&B,Sed.gif
334,iaculis,Vestibulum.ppt,eget,Wallas Bramham,2005,reggae,Mus.ppt
335,posuere nonummy integer,CrasMi.xls,vestibulum aliquet ultrices,Alana McInally,1996,folk,IdPretium.txt
336,eros,Est.avi,ipsum primis,Talya Kidman,2019,R&B,RutrumAc.tiff
337,eleifend donec,Odio.mov,amet justo morbi,Kelsy Ellwand,1972,metal,ANibhIn.avi
338,magna bibendum,OdioCondimentumId.ppt,neque aenean,Griffith Hartwright,1959,folk,ConsequatIn.avi
339,justo lacinia eget,VenenatisNonSodales.jpeg,vel accumsan tellus,Alastair Cianelli,2002,folk,UltricesPhasellusId.jpeg
340,eget,DiamEratFermentum.avi,justo,Jeniffer Watman,2014,punk,VivamusVel.avi
341,blandit lacinia,SuspendisseAccumsan.mpeg,tincidunt eu felis,Vinita Clarage,1987,country,Porttitor.jpeg
342,eleifend pede libero,IpsumAliquam.mp3,mus,Cilka Tarquinio,1997,hip hop,VenenatisNonSodales.xls
343,faucibus orci luctus,Lorem.mp3,eleifend quam,Peggi Iacobucci,2002,country,Vel.xls
344,orci pede venenatis,Leo.jpeg,eget tincidunt,Celia Molesworth,1960,punk,Sem.pdf
345,mauris,In.avi,facilisi cras,Randie Yearn,2002,classical,MassaIdNisl.avi
346,ac nulla sed,Quis.pdf,nulla,Dyane Carlisi,1956,soul,VitaeMattisNibh.gif
347,orci luctus et,At.txt,vulputate,Caspar Stile,1973,metal,InConsequat.pdf
348,diam,Curae.mp3,vel,Linet Melmoth,1980,rock,Nec.xls
349,in est,PellentesqueVolutpatDui.png,libero quis,Celinka Brame,1974,R&B,Nisl.mov
350,suspendisse,ImperdietNullamOrci.gif,tincidunt eu,Kara-lynn Ciciari,2007,hip hop,Massa.xls
351,vivamus vestibulum sagittis,SollicitudinVitae.tiff,donec,Kim MacKnockiter,2012,soul,Nec.ppt
352,vulputate elementum nullam,GravidaNisi.doc,eu nibh,Drusie Dryden,1966,jazz,VariusUtBlandit.xls
353,amet eros,InterdumMauris.ppt,molestie,Emlynn Siveter,1993,soul,In.jpeg
354,integer ac neque,NonVelit.avi,quis orci,Constantina Dunphie,2017,electronic,Nec.xls
355,turpis integer aliquet,TurpisAdipiscingLorem.mp3,eget eros,Durante Worsley,1968,soul,DuisBibendum.avi
356,sit amet nulla,SitAmet.tiff,pellentesque ultrices,Muhammad Paolone,1989,soul,Odio.mp3
357,eu,IdNisl.jpeg,fusce lacus,Cate Gainsboro,1976,pop,LectusIn.txt
358,potenti,AcEstLacinia.xls,in,Sara-ann Mantle,1993,rock,PraesentId.ppt
359,pellentesque,Lectus.pdf,vitae,Skelly Quinsee,1979,reggae,QuisAugue.doc
360,laoreet,NonVelitNec.txt,vivamus vel nulla,Conny de Tocqueville,1974,metal,Vivamus.ppt
361,ut tellus,Odio.ppt,nulla nunc,Vanessa Ponting,1961,pop,Erat.jpeg
362,in,Ac.avi,sed,Hayley Boswood,2016,R&B,ConsequatVarius.avi
363,non sodales,Quam.mp3,duis at,Calvin Kennaird,1986,rock,Accumsan.avi
364,faucibus cursus,NecDuiLuctus.mpeg,amet,Raynard Winscom,1962,jazz,PulvinarLobortis.jpeg
365,primis in faucibus,NullaNunc.mpeg,ac,Billy Tidgewell,1964,R&B,IpsumPrimis.tiff
366,amet,PorttitorLorem.gif,ante vel,Sherwood Skerme,2021,soul,Lacinia.avi
367,proin,Sit.avi,non sodales,Anthe Drysdale,2007,reggae,QuisTortorId.mpeg
368,faucibus,IntegerAc.gif,a feugiat et,Corbie Laye,2001,jazz,EratQuisque.mp3
369,donec vitae nisi,Lectus.ppt,sed magna,Rozanna Anstie,1995,hip hop,EtiamFaucibusCursus.xls
370,in,LuctusRutrumNulla.avi,lacus,Allix Kirkpatrick,2012,blues,Ultrices.ppt
371,nunc,Hendrerit.xls,arcu adipiscing,Wenda Vidgen,1977,jazz,SedVel.avi
372,ipsum dolor,DuiMaecenas.avi,rutrum neque,Kimmie Petschelt,2013,R&B,Tortor.tiff
373,eu orci mauris,PedeJustoLacinia.xls,maecenas leo odio,Kermie McFadzean,1971,folk,AtIpsumAc.mp3
374,vitae ipsum aliquam,AtTurpis.txt,scelerisque mauris sit,Harald Capstaff,1985,electronic,IdMauris.xls
375,consectetuer adipiscing,Massa.xls,interdum,Jolyn McGarry,1958,blues,IpsumPrimis.jpeg
376,viverra dapibus,Purus.ppt,turpis,Walden Murfill,1992,blues,Integer.avi
377,sit amet sapien,EuMagnaVulputate.ppt,vestibulum sed magna,Munmro Agutter,1955,hip hop,UtErat.xls
378,tristique,QuisOrci.avi,enim lorem ipsum,Dev Stark,2003,punk,ConsequatLectusIn.avi
379,sagittis dui vel,LeoMaecenasPulvinar.doc,suspendisse,Kane Packe,1985,classical,Cubilia.jpeg
380,pede justo eu,InFelis.ppt,vulputate ut,Martica Sadler,2024,rock,MetusArcu.mp3
381,velit,FuscePosuereFelis.jpeg,tempus sit amet,Alvy Rowler,1972,punk,OrnareConsequatLectus.tiff
382,a libero,TinciduntEgetTempus.jpeg,ut ultrices vel,Eustacia Brownsill,2018,punk,SemDuis.tiff
383,in hac,NecDuiLuctus.xls,felis ut at,Bank Airy,1996,blues,LeoPellentesque.mp3
384,integer pede,Lectus.pdf,ultrices vel augue,Derwin Maywood,1959,soul,LuctusNecMolestie.ppt
385,neque sapien placerat,SemPraesent.xls,volutpat erat quisque,Elnora Wigin,1957,reggae,Turpis.ppt
386,posuere,LigulaPellentesque.avi,volutpat in,Justinn Shakesby,1969,classical,IntegerAc.mp3
387,nisl nunc,MorbiVel.avi,vehicula condimentum,Prescott Gillice,2016,pop,Erat.ppt
388,tortor risus dapibus,Sit.ppt,montes,Loren Roseaman,1970,rock,MagnisDis.xls
389,volutpat convallis,FaucibusOrciLuctus.mov,donec,Clarette Tunnacliffe,2012,classical,EtiamPretium.avi
390,vehicula condimentum curabitur,VelitIdPretium.ppt,eleifend quam a,Lonny Scarsbrooke,1972,folk,CubiliaCurae.mp3
391,vivamus vestibulum sagittis,Blandit.mpeg,etiam,Bliss Antosch,1969,metal,PellentesqueQuisquePorta.mp3
392,orci luctus,NullaElitAc.mp3,at velit,Galven Wyeth,1994,country,EuNibh.gif
393,ligula vehicula consequat,Ipsum.jpeg,blandit,Darwin Bottomley,2019,electronic,Venenatis.tiff
394,rhoncus aliquet,NonVelitDonec.jpeg,habitasse platea,Joy Gors,2004,jazz,Leo.txt
395,lacinia nisi,NibhLigula.xls,accumsan tortor quis,Isa Ewell,1957,classical,DiamIdOrnare.jpeg
396,in,Hendrerit.avi,pede,Anestassia Cattel,2011,reggae,VelPedeMorbi.jpeg
397,in,MiIn.ppt,mauris lacinia,Fritz Normadell,1986,reggae,FeugiatNonPretium.xls
398,lectus vestibulum,AliquetPulvinarSed.mp3,leo maecenas,Jae Pregal,1979,R&B,SedAnte.mp3
399,lorem,MontesNascetur.mp3,accumsan odio curabitur,Jeane Daville,2017,folk,Montes.jpeg
400,vel sem,IdLobortisConvallis.png,commodo vulputate justo,Moses Godar,1993,indie,LigulaSit.ppt
401,ultrices posuere cubilia,NuncDonecQuis.xls,id pretium,Buffy Whall,2000,country,SedMagna.xls
402,a pede posuere,NecSem.xls,vestibulum,Si Firbank,1956,electronic,ErosSuspendisse.jpeg
403,posuere metus,LacusCurabiturAt.mp3,lorem,Antons Ginsie,1971,indie,Porttitor.mp3
404,donec odio,EtUltricesPosuere.xls,nulla tellus in,Ree Gandy,2011,indie,Sit.tiff
405,erat id mauris,Vivamus.avi,platea,Jeremie Welch,1962,R&B,Amet.tiff
406,et ultrices posuere,SemFusceConsequat.mp3,ac leo,Lovell Wagge,1968,pop,CongueRisus.ppt
407,dui proin leo,AtNuncCommodo.doc,id,Vivienne Lownsbrough,1996,R&B,Cubilia.doc
408,faucibus orci,VestibulumVelit.txt,convallis,Aindrea Lettson,1980,jazz,QuisqueEratEros.png
409,platea,NullaFacilisi.ppt,ante vivamus tortor,Phylys Maffi,1951,hip hop,Sapien.tiff
410,id luctus nec,CrasNonVelit.txt,luctus tincidunt nulla,Grantham Kinsella,1956,pop,Risus.gif
411,ipsum integer,CubiliaCurae.avi,adipiscing,Patrizius Nipper,1988,punk,CongueVivamus.ppt
412,id lobortis convallis,Dui.ppt,sapien ut nunc,Keir Vel,1980,electronic,NecDui.jpeg
413,pellentesque ultrices,VenenatisLaciniaAenean.mpeg,suspendisse accumsan,Madelaine Ogles,1977,classical,Id.xls
414,etiam faucibus cursus,NisiAt.mp3,semper,Gerardo Dayes,1994,hip hop,QuamNec.mp3
415,quam a,TurpisEnimBlandit.png,vestibulum,Kristien Lote,2012,country,JustoAliquamQuis.xls
416,sagittis nam congue,Ullamcorper.tiff,odio,Pippa Marjoram,1981,indie,CurabiturIn.mp3
417,erat volutpat,NonSodalesSed.xls,venenatis turpis enim,Ruperta Meyer,1970,rock,MassaId.xls
418,eu,NonSodalesSed.mov,mus etiam vel,Rosabella Trussell,1976,soul,OrciLuctusEt.mov
419,tellus nisi eu,OdioOdioElementum.xls,dolor,Freddy Camus,2017,metal,In.mp3
420,id ornare imperdiet,SitAmet.xls,in hac,Maisie Gimeno,2011,metal,Lacinia.tiff
421,enim lorem ipsum,Mauris.png,mi pede,Edwina Dresser,2021,electronic,Integer.mp3
422,et tempus semper,SemperInterdumMauris.mpeg,mauris,Leoine Crucitti,1998,jazz,Sed.gif
423,justo pellentesque,PorttitorLoremId.avi,ultrices,Berti Feragh,2017,pop,NecNisi.avi
424,leo odio porttitor,AugueASuscipit.mov,faucibus orci luctus,Stesha McDirmid,2015,blues,SagittisNam.avi
425,etiam faucibus,EtUltrices.mp3,porttitor id,Therese Cunnell,1990,R&B,SitAmet.xls
426,quis orci eget,DolorSit.jpeg,massa,Tate Sagg,2023,metal,BlanditLacinia.avi
427,nec nisi volutpat,In.jpeg,sodales sed,Sayer Ferreo,2016,blues,Tellus.xls
428,viverra,QuamSollicitudin.pdf,sapien quis libero,Laurie Ingold,2011,electronic,AmetNuncViverra.xls
429,blandit ultrices enim,ASuscipit.jpeg,nec sem,Sherry Robker,1957,blues,IntegerAcNeque.avi
430,aliquam convallis,NullaEgetEros.tiff,pede libero,Davon Grzesiewicz,2007,electronic,In.mp3
431,tempus sit,Lacinia.png,justo pellentesque viverra,Baxter Wholesworth,1991,reggae,TempusSitAmet.ppt
432,in quis justo,SitAmet.mov,nascetur ridiculus,Madel Garstang,1952,classical,Duis.txt
433,felis fusce,DuiLuctusRutrum.txt,cum sociis,Darcie Masi,1992,pop,QuisTurpis.tiff
434,morbi,VelIpsum.tiff,ut,Kimbell Bastable,1975,reggae,FermentumJustoNec.avi
435,nascetur ridiculus,Semper.mov,amet consectetuer adipiscing,Alaric MacGillacolm,2001,metal,QuisTortor.ppt
436,amet consectetuer,SemMauris.mp3,vulputate,Vassily Spraggon,1969,country,IdTurpisInteger.avi
437,eu tincidunt,Mattis.jpeg,lorem,Zola Skeemor,2004,soul,TurpisAdipiscing.mp3
438,sit,Convallis.pdf,morbi vel,Eada Portsmouth,1956,R&B,QuamSollicitudin.ppt
439,praesent,NonVelit.tiff,eros,Clarette Abbatt,2000,punk,InterdumInAnte.mp3
440,donec semper,LobortisConvallis.tiff,enim lorem,Margareta Dobing,1983,indie,InHac.jpeg
441,tortor risus dapibus,Quis.xls,sodales scelerisque,Marge Sherington,1966,folk,UltricesPosuere.avi
442,magna,AuctorGravida.png,tempor convallis,Raoul Murch,1997,metal,MiSit.avi
443,et magnis,JustoSit.mp3,justo,Mitchael Gouge,1986,punk,Proin.avi
444,maecenas tincidunt lacus,NibhQuisqueId.xls,ridiculus mus,Vanni Ridsdale,1957,electronic,Porttitor.xls
445,a feugiat,Luctus.xls,mi nulla,Ossie Hryniewicki,1984,punk,SuscipitAFeugiat.mp3
446,lorem,Elementum.mpeg,ut rhoncus aliquet,Taite Sexty,2020,reggae,Quisque.gif
447,viverra pede ac,TristiqueInTempus.avi,nulla eget,Lynn Loachhead,1995,pop,LacusCurabiturAt.mp3
448,sollicitudin,EgetNunc.mpeg,nunc,Kaspar Winslade,1963,metal,Mattis.mp3
449,augue aliquam erat,AliquamQuisTurpis.tiff,rutrum at lorem,Kendre Georghiou,1993,metal,Sit.jpeg
450,leo,Nam.avi,ligula nec sem,Vito Snowdon,1970,blues,In.ppt
451,quis lectus,ConvallisMorbiOdio.jpeg,facilisi cras non,Scarlet Feavyour,1981,folk,In.ppt
452,eget eleifend,DonecPosuere.mp3,cum,Law Twinning,2017,country,SapienSapienNon.mp3
453,tristique fusce,Placerat.xls,eget rutrum at,Chere Meltetal,1969,hip hop,Cursus.mp3
454,at nulla,Lectus.gif,cubilia,Elise Frome,2003,soul,MassaDonec.jpeg
455,mollis molestie lorem,In.avi,diam id ornare,Hamid Knightsbridge,2003,hip hop,EtUltricesPosuere.mp3
456,ut dolor,NisiVulputateNonummy.mp3,ante,Jabez Hanne,1987,country,Et.avi
457,justo pellentesque viverra,SedAugue.ppt,eu,Corette Dirr,1952,punk,CommodoVulputateJusto.mp3
458,elit ac nulla,Purus.mp3,orci luctus et,Sal Rudgerd,2002,jazz,Porta.mov
459,posuere metus,EratErosViverra.tiff,augue vel accumsan,Etan Rockell,2011,indie,SitAmet.doc
460,tortor duis mattis,Nulla.ppt,aliquet pulvinar,Zaneta Brookfield,1981,hip hop,MorbiNonQuam.pdf
461,fermentum,Faucibus.mp3,augue vestibulum,Paolina Colby,2005,punk,Mus.mp3
462,massa donec,ANibh.txt,nisi,Jackelyn Grivori,1962,hip hop,VelDapibusAt.xls
463,suspendisse,SuscipitNulla.xls,volutpat,Byrann Kernley,1989,blues,CrasMi.ppt
464,turpis elementum,SodalesScelerisque.avi,placerat,Karissa Bigly,1991,country,Ipsum.avi
465,massa,ViverraPedeAc.avi,nulla tempus,Eleonora Garretts,1999,R&B,AcNibh.ppt
466,erat,Platea.tiff,fermentum justo,Nikita Purkins,1956,punk,Quam.ppt
467,eu est congue,ImperdietNullam.tiff,sit amet,Evan Tomasi,1983,electronic,Sociis.mp3
468,non mattis pulvinar,PretiumNisl.xls,arcu sed augue,Neale Morilla,1988,electronic,EstPhasellusSit.mov
469,dolor,RhoncusAliquetPulvinar.ppt,amet,Lezlie Starbeck,1998,pop,Volutpat.ppt
470,dolor,Nisl.mov,porta,Stanley Stilldale,1951,indie,Diam.xls
471,convallis nulla,EstDonec.avi,id massa id,Randee Ivers,1953,indie,Pede.xls
472,ut erat curabitur,PlaceratPraesent.avi,lobortis est,Catarina Molson,1956,R&B,AugueQuamSollicitudin.xls
473,parturient montes nascetur,MorbiAIpsum.xls,elit proin,Hyacinthe Beckensall,2000,indie,Ut.xls
474,quam,Vel.mp3,primis,Violette Kynsey,1980,soul,SitAmetCursus.ppt
475,sed vel enim,Platea.xls,vitae,Tammara Jehan,1976,rock,NullaUt.avi
476,eu,EratVestibulum.ppt,placerat praesent blandit,Madlin Jelfs,2003,jazz,SitAmetEros.pdf
477,lectus,In.avi,neque libero convallis,Jodi Tuffley,2019,blues,At.avi
478,egestas metus aenean,TurpisElementum.xls,hac habitasse,Marita Comerford,1952,folk,NuncVestibulumAnte.jpeg
479,eros elementum,ElementumEuInterdum.mp3,vestibulum proin,Kristan Leyden,1980,blues,Non.mov
480,platea dictumst,CuraeNullaDapibus.xls,nulla,Phylys Martellini,1979,classical,MattisOdio.avi
481,aenean fermentum donec,DuisAcNibh.png,nulla mollis molestie,Adrianna Garn,1993,classical,MetusArcu.jpeg
482,sapien cursus vestibulum,LectusAliquam.mpeg,pulvinar nulla pede,Demeter Brugsma,1995,blues,Massa.mp3
483,enim leo,Lorem.mp3,sapien non,Susanne Bettleson,2008,punk,Odio.ppt
484,sem,ScelerisqueMaurisSit.txt,lobortis est,Jordana Girardini,1974,indie,InTempus.ppt
485,lacus morbi,IdOrnare.ppt,cras pellentesque volutpat,Richie Bisley,1969,indie,LacusPurusAliquet.tiff
486,justo,NuncCommodoPlacerat.avi,pede,Cahra Pinney,1973,jazz,In.jpeg
487,hendrerit at vulputate,SemperRutrum.tiff,dolor vel est,Dorree Foyle,1962,indie,Rutrum.txt
488,lorem,VolutpatEleifend.txt,vestibulum sed magna,Kristen Aronstam,1959,electronic,Sollicitudin.mp3
489,magnis dis,NislDuisAc.ppt,mus vivamus,Dorette Rubert,1982,classical,SedAccumsanFelis.avi
490,metus vitae,DiamInMagna.jpeg,convallis duis consequat,Marc Dibley,1999,pop,Massa.avi
491,vel lectus in,EuFelisFusce.doc,quam suspendisse potenti,Nikkie Fanthom,1956,country,InFaucibus.doc
492,ornare,Parturient.avi,pretium,Cassy Kopps,1954,R&B,Et.jpeg
493,montes nascetur ridiculus,CurabiturAtIpsum.xls,placerat praesent blandit,Ame O'Hanley,2001,folk,Elit.txt
494,vestibulum proin eu,SedJusto.ppt,nunc proin at,Hieronymus Porker,2005,electronic,EratFermentumJusto.tiff
495,elit,Penatibus.doc,sit,Georgi Cypler,1956,jazz,IntegerPedeJusto.ppt
496,in,EgetElit.mp3,quisque erat eros,Melva Privost,2017,blues,EleifendDonecUt.xls
497,bibendum morbi,NullaEgetEros.jpeg,primis in,Germaine Lube,1951,blues,Nascetur.txt
498,pede,BibendumMorbi.ppt,orci nullam,Aggy Rosso,2014,blues,ConsequatNulla.mpeg
499,massa donec dapibus,Sem.tiff,congue,Blondie Surby,2007,R&B,Dui.xls
500,turpis adipiscing,SuspendisseOrnare.jpeg,donec quis,Terza Olivie,1995,indie,Congue.xls
501,eu felis fusce,Mus.mp3,aliquet,Kent Peasegood,1972,reggae,Amet.xls
502,porttitor lorem id,SollicitudinVitae.pdf,sed lacus morbi,Elene Heggs,2004,R&B,MaecenasUtMassa.ppt
503,porttitor,FaucibusAccumsanOdio.avi,eget,Sarine Danhel,1965,punk,LoremVitaeMattis.mp3
504,sed justo,EtTempusSemper.txt,dolor quis,Gerladina Ruffles,1966,country,MorbiPorttitorLorem.xls
505,bibendum,DolorVelEst.avi,at,Kaye Beeho,2019,indie,IpsumPrimisIn.txt
506,lectus vestibulum quam,InEleifend.xls,massa id,Maddy Dumingos,1982,jazz,VariusUt.avi
507,quam turpis adipiscing,MaurisViverra.xls,ultrices posuere cubilia,Laurena Rapkins,1954,jazz,LeoOdio.txt
508,vitae,DolorQuisOdio.avi,amet eleifend pede,Joy Congreave,1999,soul,LuctusNecMolestie.avi
509,pretium quis lectus,FermentumDonecUt.ppt,tempor turpis,Vasilis Feavearyear,1960,classical,DapibusDuis.xls
510,accumsan,Viverra.avi,amet sem fusce,Artemis Woodroff,1982,pop,VenenatisLaciniaAenean.xls
511,id turpis integer,AliquamAugueQuam.xls,a,Erie Jedrys,2012,indie,CuraeDonecPharetra.mov
512,donec posuere metus,Duis.png,purus,Sallie Imore,2009,indie,AliquamAugue.mp3
513,pede,RutrumAcLobortis.xls,tincidunt,Skelly Karczinski,2007,electronic,Eleifend.avi
514,potenti cras in,Diam.xls,turpis a pede,Binky Simonutti,2023,rock,NecNisiVulputate.xls
515,tortor duis,Luctus.avi,id,Chryste Staniford,1988,jazz,QuamAOdio.avi
516,lectus in,At.mp3,at,Arther Antham,1973,rock,EratId.jpeg
517,eget rutrum,MetusAenean.avi,eros,Kendal Pomery,1951,jazz,DuisConsequatDui.pdf
518,augue vestibulum,Morbi.ppt,eu mi nulla,Sisile Pavett,1988,blues,InHacHabitasse.mp3
519,sagittis dui vel,MaurisViverraDiam.ppt,suspendisse ornare,Aurelea Dreier,2010,rock,Praesent.pdf
520,tincidunt,Dolor.xls,duis,Myrna McNirlin,2007,R&B,Diam.tiff
521,sit amet eros,Sollicitudin.txt,luctus cum sociis,Jobyna Olivetti,2022,reggae,SedTristique.mp3
522,rutrum rutrum neque,Volutpat.avi,bibendum morbi,Selena Sterzaker,1971,blues,BibendumFelisSed.gif
523,in,JustoSollicitudin.ppt,leo,Agnola Croan,2023,punk,AliquetAtFeugiat.mp3
524,praesent blandit,MassaId.tiff,dolor,Eirena Fasse,1974,jazz,NecCondimentumNeque.avi
525,at turpis,Nulla.pdf,odio donec vitae,Daile Cluely,1996,pop,Pulvinar.mp3
526,erat,LectusIn.xls,turpis enim,Jamima Simonelli,2020,hip hop,Sit.mp3
527,sed sagittis nam,EnimSit.mp3,luctus,Crosby Elwood,1968,indie,Vitae.gif
528,tellus nisi eu,AliquamQuis.jpeg,lacus morbi sem,Cyrus Case,1978,soul,UrnaUt.ppt
529,vivamus metus,LectusIn.mp3,tempus,Alberto Riveles,1983,pop,Quis.txt
530,pede malesuada in,Interdum.gif,venenatis lacinia aenean,Addy Bythell,2021,blues,DuiProinLeo.tiff
531,in,TortorRisusDapibus.png,at turpis,Monica Sears,1978,soul,OrnareImperdiet.mp3
532,rutrum at,Quam.gif,augue vestibulum ante,Cullin Gillanders,1992,pop,ViverraEgetCongue.tiff
533,amet justo,VestibulumRutrumRutrum.ppt,hendrerit at,Tuck Castaner,2004,jazz,NullaNuncPurus.doc
534,neque,QuisTortorId.pdf,proin leo,Steffen Benditt,1963,R&B,Curabitur.txt
535,leo rhoncus,CursusVestibulumProin.mp3,erat,Kennith Mounsie,1990,hip hop,Donec.xls
536,dapibus nulla suscipit,VelLectus.xls,nec condimentum,Leila Avrahamy,1956,metal,A.avi
537,phasellus,SodalesSedTincidunt.avi,viverra eget congue,Kipp Juszczyk,1974,indie,NisiAt.mp3
538,tortor,InFelis.mp3,phasellus id sapien,Sela Lomasney,2022,metal,Ut.mpeg
539,penatibus et,FeugiatEt.tiff,risus,Ole Pepperill,1955,classical,NisiVolutpatEleifend.mpeg
540,convallis nulla neque,DonecSemperSapien.ppt,felis donec,Paolina Kunc,1975,metal,NullaSuscipit.xls
541,nulla sed vel,PlateaDictumst.avi,viverra,Freddie Robotham,1996,folk,CurabiturConvallis.mp3
542,suspendisse potenti nullam,Pede.mp3,eget,Jock Liggins,1992,classical,Commodo.avi
543,id turpis,Congue.mp3,metus vitae ipsum,Giff Dorling,1997,hip hop,IntegerPede.xls
544,libero rutrum ac,EuTinciduntIn.ppt,non mi,Flinn Maynard,1975,folk,DolorQuis.gif
545,metus,Non.mpeg,nisi,Isa Coldrick,1992,country,CuraeDonec.mpeg
546,non mattis,ImperdietEtCommodo.tiff,iaculis,Rod Eddisforth,2019,classical,VulputateUt.txt
547,aenean auctor,PhasellusSitAmet.ppt,tortor eu,Raymund Brinklow,1997,indie,MattisNibhLigula.ppt
548,sem fusce consequat,Enim.ppt,elementum ligula vehicula,Corenda Ghidotti,1982,country,RutrumNullaNunc.mp3
549,nisi,Non.mpeg,mauris,Bruis Fallawe,1993,country,Sociis.mov
550,lacus purus,LigulaVehiculaConsequat.jpeg,ultrices posuere,Flory Sabate,1997,country,Quis.pdf
551,pellentesque ultrices,Luctus.avi,sit amet erat,Tripp Chaffer,1982,rock,Lacinia.jpeg
552,porttitor lacus at,MontesNascetur.png,dapibus at diam,Jany Kenner,1958,country,FringillaRhoncus.mp3
553,at,SuscipitLigula.mov,diam vitae quam,Lanny Stirley,2023,country,Vitae.pdf
554,tincidunt,VestibulumVelit.pdf,libero nam dui,Luce Grundell,1973,jazz,LacusAt.ppt
555,at ipsum,AdipiscingElit.mp3,pede malesuada in,Elly Hammill,1990,rock,NamCongueRisus.avi
556,amet,NisiVolutpat.xls,enim,Eugine Pethrick,1984,rock,EtUltricesPosuere.ppt
557,vel ipsum praesent,Maecenas.avi,nunc rhoncus dui,Griffin Nobles,2006,indie,FaucibusAccumsan.ppt
558,massa id,Dignissim.ppt,vestibulum vestibulum ante,Lenard Ogers,1957,jazz,PenatibusEtMagnis.txt
559,eleifend,Sit.ppt,vestibulum,Torey Karmel,1969,pop,AmetEratNulla.tiff
560,fusce consequat nulla,DapibusNullaSuscipit.mp3,ante ipsum primis,Kayley Binnes,2008,R&B,VelEnimSit.mp3
561,aliquam,CommodoVulputateJusto.jpeg,ac diam cras,Arri Willatts,1963,hip hop,MassaQuis.mp3
562,consequat,MaurisMorbiNon.xls,eu magna vulputate,Eustace Eastridge,1998,folk,PellentesqueViverra.jpeg
563,convallis,BlanditNam.avi,vestibulum,Dew Leaburn,1999,rock,AtTurpisDonec.avi
564,libero nam dui,PotentiCras.mp3,in hac,Kerianne Venturoli,2019,indie,RutrumAtLorem.avi
565,lorem,TinciduntAnte.png,eget eros elementum,Tillie Garrick,2024,punk,InHac.jpeg
566,vel enim,Congue.mp3,vel,Zandra Giller,2002,soul,Pede.jpeg
567,odio odio elementum,DolorSitAmet.mp3,duis,Stefano Sissot,1960,pop,ConvallisMorbiOdio.mp3
568,venenatis turpis,Eu.txt,rhoncus sed,Ketti Radoux,2022,jazz,Dictumst.mp3
569,nisi,PedeLobortis.doc,nisi venenatis tristique,Rahel Deamer,2018,folk,SedTristique.avi
570,ultrices mattis odio,AtTurpisA.avi,tempus,Lolita Brahmer,2015,hip hop,NislNunc.jpeg
571,volutpat,LacusCurabitur.xls,lacinia,Candra Withrop,2017,classical,UltricesVelAugue.mov
572,felis,SodalesScelerisqueMauris.mp3,amet justo,Bond Carse,1999,country,QuisqueArcu.mp3
573,mauris non ligula,In.ppt,lectus,Marietta Allot,2015,pop,AliquetAtFeugiat.jpeg
574,massa quis,Vestibulum.mp3,id sapien in,Wendel Berre,1984,punk,OrciLuctus.png
575,nibh quisque,Pellentesque.pdf,posuere,Delainey Freeberne,1962,rock,AliquamAugueQuam.ppt
576,convallis morbi,AOdioIn.ppt,eu mi,Calley Waddam,1969,blues,MalesuadaInImperdiet.avi
577,morbi,PlaceratPraesent.mp3,lobortis est phasellus,Moise Brazener,2002,country,PotentiIn.ppt
578,orci luctus et,In.tiff,nec nisi,Roshelle Giovanazzi,1967,electronic,Sed.ppt
579,phasellus,DisParturientMontes.xls,ridiculus mus vivamus,Dawna Dooley,1981,indie,Amet.avi
580,in ante vestibulum,VariusInteger.pdf,erat,Matthieu Eaddy,1956,hip hop,Amet.mp3
581,nam,AtIpsum.mp3,pede venenatis,Lanie Woosnam,1991,soul,NequeLiberoConvallis.avi
582,odio justo,Arcu.ppt,massa id nisl,Kordula Perin,1965,classical,InterdumVenenatisTurpis.gif
583,sed magna,Ornare.xls,congue etiam justo,Sioux Brauns,1992,classical,BlanditLaciniaErat.xls
584,penatibus et,SuscipitNullaElit.xls,natoque penatibus et,Irene Sudell,1969,classical,Phasellus.avi
585,donec diam,MetusAeneanFermentum.mov,sapien quis libero,Cori Galey,1965,metal,Semper.mov
586,ultrices vel,SuspendissePotenti.mov,mauris,Clem MacQuaker,1992,folk,SitAmetEleifend.avi
587,duis consequat dui,PlateaDictumstAliquam.avi,feugiat,Aubrette Sowood,2006,pop,Est.pdf
588,quisque,LobortisEstPhasellus.avi,ullamcorper,Gerald Errol,2015,hip hop,CongueElementumIn.pdf
589,nam congue risus,BibendumImperdiet.ppt,sit amet,Algernon Handscomb,1950,metal,Mi.ppt
590,in,Eget.tiff,sit amet,Baxy Scotchmor,1999,jazz,EstQuamPharetra.avi
591,habitasse platea,Tellus.gif,ac enim in,Francklin Hallifax,1995,R&B,Metus.ppt
592,diam cras pellentesque,ConsequatLectusIn.xls,ut volutpat,Rhianon Plumer,1999,jazz,LeoRhoncusSed.gif
593,nam,CommodoPlaceratPraesent.avi,phasellus sit amet,Rafferty Motton,1992,indie,At.txt
594,mi nulla,Justo.tiff,tortor duis,Storm Braidon,1985,metal,InImperdietEt.jpeg
595,id consequat,Vestibulum.tiff,rhoncus sed,Krysta Downe,2009,indie,AccumsanTortorQuis.ppt
596,mauris non,FuscePosuereFelis.tiff,rhoncus,Kelsey Yo,2013,classical,HacHabitasse.jpeg
597,maecenas,NonPretium.mp3,felis sed lacus,Duky Gorriessen,1957,indie,AccumsanOdioCurabitur.xls
598,nulla,EleifendDonecUt.png,in hac habitasse,Gaston Iozefovich,2008,pop,Curabitur.mov
599,suscipit ligula in,SapienIn.avi,justo lacinia eget,Faye Djurdjevic,1965,pop,Est.txt
600,volutpat,MetusAeneanFermentum.xls,ridiculus mus etiam,Troy Hackford,1985,punk,FacilisiCras.tiff
601,ligula in,Etiam.ppt,ante ipsum primis,Domini Bromell,1974,punk,LacusAt.ppt
602,sed,EleifendDonec.ppt,imperdiet et,Clovis Matthisson,2009,country,Et.mp3
603,id,OdioJusto.ppt,hac habitasse platea,Peggie Fingleton,2017,electronic,Ut.ppt
604,dolor sit,RidiculusMus.ppt,curae,Zerk Roiz,1979,electronic,Interdum.doc
605,venenatis turpis,LigulaSitAmet.jpeg,mattis odio,Meggie Janzen,1974,reggae,FeugiatEt.ppt
606,ut,EuFelis.png,felis donec,Renee Decker,2008,soul,Dapibus.ppt
607,tempus,NecDui.tiff,sapien,Shanan Bausor,2025,R&B,NisiAtNibh.ppt
608,nullam orci,QuisLectusSuspendisse.mp3,etiam justo etiam,Steffane Glasscoe,2015,rock,AtFeugiat.avi
609,luctus et ultrices,IdConsequat.avi,molestie hendrerit,Tann Cuolahan,2007,classical,PretiumIaculisDiam.avi
610,maecenas,SedNislNunc.mp3,interdum in,Rorie Allett,1967,classical,SedAccumsan.mp3
611,amet eleifend,IpsumPraesent.tiff,suspendisse potenti in,Chloe Spender,1996,indie,LigulaIn.ppt
612,volutpat in congue,SitAmet.ppt,interdum mauris non,Christabel Tzuker,1962,country,Volutpat.txt
613,diam,VestibulumProinEu.avi,vivamus,Wilek Pinnocke,2021,punk,LuctusCum.avi
614,sem mauris laoreet,AnteNullaJusto.xls,maecenas pulvinar,Noach Schinetti,1966,reggae,Gravida.jpeg
615,volutpat erat,Ut.mp3,ultrices enim,Jay Mousby,2012,indie,Mauris.avi
616,aliquet,IdLigula.doc,primis in faucibus,Dukey O'Reagan,1968,R&B,Mauris.png
617,diam erat fermentum,DonecSemperSapien.png,ut at dolor,Trudi Jendrich,2010,folk,PellentesqueUltricesPhasellus.avi
618,integer non velit,AmetErosSuspendisse.ppt,sed,Cristal O'Deoran,2014,electronic,NatoquePenatibusEt.mov
619,cubilia curae mauris,NatoquePenatibusEt.mp3,mattis,Robenia Jiran,1967,metal,NequeLibero.mp3
620,auctor sed,PorttitorLorem.avi,in blandit ultrices,Reinaldo Gates,2016,reggae,IdTurpisInteger.pdf
621,varius nulla facilisi,Morbi.tiff,condimentum id luctus,Elvin Spelling,1964,hip hop,Massa.jpeg
622,nibh in hac,Etiam.xls,morbi vestibulum velit,Jacinthe Croome,2022,metal,VulputateVitae.jpeg
623,tempus sit,Non.tiff,odio cras,Felicity Sichardt,1992,folk,IntegerAc.avi
624,ligula,Quis.xls,turpis,Lind Duding,2013,pop,Tincidunt.mpeg
625,consequat,LacusAtTurpis.xls,justo sollicitudin ut,Mureil Cockrill,2024,punk,InConsequat.pdf
626,posuere cubilia curae,Est.avi,eget,Brandice Delgaty,1979,R&B,Ut.gif
627,in,Luctus.jpeg,ultrices mattis,Thelma Mival,1982,rock,EratId.mp3
628,at diam,Felis.ppt,libero,Nial Franzetti,1985,blues,HacHabitassePlatea.doc
629,sed sagittis,UtRhoncusAliquet.doc,ante,Gauthier Wheelband,2018,folk,VenenatisLaciniaAenean.gif
630,vulputate,In.txt,cursus,Taryn Domange,1981,blues,IntegerAc.xls
631,in consequat,DapibusDuisAt.xls,congue,Shermie Sturgis,1956,metal,SemperRutrum.avi
632,posuere felis sed,Ligula.mp3,in,Weylin Iglesias,1990,folk,SitAmet.ppt
633,vulputate,EuMi.tiff,massa donec dapibus,Saudra Alexsandrovich,1963,classical,IaculisJustoIn.mp3
634,sapien,EratCurabiturGravida.ppt,volutpat,Blondie Crisell,1985,metal,PharetraMagna.avi
635,nisl ut volutpat,Platea.jpeg,eleifend luctus,Stefania Bonnesen,2018,blues,EgetMassaTempor.tiff
636,congue,VelLectusIn.ppt,at,Fay Scothron,2025,punk,VelAugue.avi
637,at diam nam,AliquetUltricesErat.avi,mauris ullamcorper purus,Swen Borel,2005,electronic,EuismodScelerisqueQuam.png
638,maecenas ut massa,TempusVelPede.pdf,rutrum,Rorke Sjostrom,1951,punk,Vel.xls
639,vel est donec,Venenatis.avi,augue,Alica Midner,2023,rock,TortorEuPede.avi
640,ut,EtMagnis.txt,vestibulum,Papageno Foxcroft,1976,punk,CuraeDuis.tiff
641,mi nulla ac,LectusSuspendissePotenti.gif,velit,Barney St. Leger,1962,electronic,SuspendisseOrnare.avi
642,molestie nibh in,NuncProinAt.xls,ipsum,Gerrilee Burnand,1998,hip hop,NullaAc.gif
643,etiam faucibus cursus,PharetraMagnaAc.avi,quis lectus suspendisse,Peyter Hawney,2002,indie,Dui.pdf
644,justo nec condimentum,Id.xls,mauris ullamcorper purus,Che Thexton,1991,classical,Nam.txt
645,nunc vestibulum,NullamMolestie.avi,accumsan tortor,Fanechka Dungay,1962,classical,Interdum.mpeg
646,luctus et ultrices,NullaTellusIn.mp3,a,Daune De Mars,1983,punk,SuspendissePotentiIn.pdf
647,tempor,AugueQuam.avi,ligula,Rufus Steade,2010,classical,Quis.ppt
648,nec sem,Tempus.pdf,sapien arcu sed,Paco Harkins,1989,punk,Cubilia.xls
649,ligula suspendisse ornare,Felis.png,et ultrices,Ive Meineck,2014,R&B,ConsequatMorbi.txt
650,platea dictumst aliquam,OdioCurabitur.jpeg,felis,Natalie Studdeard,1992,country,LuctusEt.ppt
651,augue,AmetConsectetuer.xls,at vulputate,Clary Angear,1959,folk,DonecUt.tiff
652,convallis eget eleifend,EstCongue.tiff,cubilia curae donec,Valentine Colombier,1978,classical,Nullam.pdf
653,a feugiat,EratCurabiturGravida.avi,lorem,Creigh Ewdale,1991,jazz,EuEstCongue.png
654,pede,EgetTempusVel.xls,amet nulla quisque,Filide Harrowsmith,1967,pop,ConsectetuerAdipiscing.avi
655,integer tincidunt,PharetraMagna.xls,cursus,Karlens Mulvey,1982,folk,HendreritAt.ppt
656,sed,MassaId.avi,eu,Orran Robel,2025,metal,UltricesEnimLorem.gif
657,sagittis,MiNullaAc.avi,amet,Guinna Malster,1990,blues,VestibulumSagittisSapien.ppt
658,cras mi,Ac.gif,consequat morbi a,Andonis Labes,1958,soul,SociisNatoquePenatibus.jpeg
659,ac consequat metus,AcNulla.avi,amet sem,Shaun Bruhnsen,2001,electronic,CrasMi.xls
660,pede ac,Nulla.mp3,libero rutrum ac,Trueman Richten,1954,country,MorbiQuisTortor.xls
661,eu,InFaucibusOrci.jpeg,elit,Monika Buckell,1999,country,MassaIdNisl.gif
662,aliquet,MaurisEgetMassa.ppt,morbi,Faunie Holsey,1975,reggae,AcNulla.mov
663,quam,Et.pdf,imperdiet,Hester Hucker,2003,rock,IdMassa.png
664,phasellus in,PlateaDictumst.tiff,consequat dui nec,Zerk Joney,2025,soul,AdipiscingMolestieHendrerit.doc
665,donec semper,CurabiturConvallis.tiff,cursus,Briant Bouzan,2015,pop,Nascetur.avi
666,nulla,Platea.tiff,non,Sheridan Petlyura,1993,soul,Turpis.png
667,sapien placerat ante,PulvinarNulla.avi,fermentum justo nec,Vittorio Langworthy,2002,rock,Pretium.avi
668,magna vulputate,CongueEget.avi,erat curabitur,Betta Loges,1950,R&B,NatoquePenatibusEt.avi
669,suspendisse,AugueLuctus.tiff,dictumst,Anjela Askey,1961,jazz,Convallis.gif
670,erat id,EstCongue.ppt,curabitur,Estella Grabban,2012,electronic,Tellus.gif
671,lectus,DonecOdioJusto.avi,suspendisse potenti nullam,Brooke Byrnes,1970,punk,SedAugueAliquam.avi
672,pede,AliquamLacus.ppt,duis bibendum felis,De witt Alder,1967,electronic,ElementumPellentesqueQuisque.tiff
673,amet erat nulla,Duis.ppt,volutpat quam pede,Sigismund Goney,1969,classical,IntegerAc.avi
674,pellentesque,MiNullaAc.mp3,orci vehicula,Tallie Barwise,2021,rock,Non.tiff
675,praesent lectus vestibulum,Cras.avi,semper porta volutpat,Micah Blease,2002,metal,LoremIpsumDolor.png
676,sit amet nulla,DonecVitaeNisi.txt,ut volutpat,Risa Culley,1979,jazz,AtNibhIn.ppt
677,consectetuer eget rutrum,SedVestibulum.avi,rutrum neque,Val Mignot,2007,folk,CursusVestibulumProin.avi
678,in felis eu,Sodales.ppt,dis parturient montes,Emilee Folds,2016,electronic,NislDuisBibendum.txt
679,ac lobortis,AmetConsectetuerAdipiscing.ppt,leo odio,Frances Groundwator,1980,pop,VitaeQuam.png
680,sit,SitAmetSem.tiff,ut erat,Susi Swadlinge,2003,rock,Eros.ppt
681,eu,SapienIaculisCongue.tiff,morbi non,Dody Stook,1990,pop,InQuamFringilla.xls
682,non,JustoSollicitudinUt.png,lorem quisque,Emily Gatecliff,2020,rock,ArcuSed.png
683,duis aliquam,AcNibhFusce.xls,ipsum aliquam non,Avie Prynne,1996,soul,VestibulumSagittis.jpeg
684,nullam varius nulla,SapienInSapien.avi,augue vel accumsan,Leslie Pandey,1964,soul,Cras.avi
685,at diam nam,IdMassa.gif,dolor sit,My Castane,2015,folk,Quis.avi
686,consequat lectus,NibhInLectus.pdf,in,Vanessa Fern,1988,reggae,DuisConsequat.txt
687,magnis dis,MaecenasTristiqueEst.avi,nullam,Marjorie Vedeneev,2013,country,ArcuSedAugue.jpeg
688,faucibus orci,Pede.jpeg,semper,Layne Pretsell,1982,reggae,Dolor.xls
689,tortor sollicitudin mi,Nec.xls,lacinia sapien quis,Adelle McLernon,2004,country,PretiumIaculis.mp3
690,proin risus praesent,AugueQuamSollicitudin.pdf,morbi vestibulum velit,Rodolphe O' Mullane,2004,R&B,RutrumNullaNunc.xls
691,luctus ultricies,Curabitur.xls,metus arcu,Isa Lavrinov,2015,R&B,In.xls
692,tempor convallis nulla,EgetElit.xls,quisque arcu libero,Bobbie Tribble,1957,jazz,Vivamus.mp3
693,libero quis orci,VelitVivamusVel.png,faucibus,Hilarius Agostini,1977,soul,NonMaurisMorbi.tiff
694,in leo maecenas,Justo.doc,volutpat convallis morbi,Linea Andryushchenko,1988,reggae,SedMagnaAt.mp3
695,morbi odio odio,Blandit.xls,blandit mi,Tessa De Giorgi,1964,soul,PraesentId.mp3
696,in,AliquetMaecenasLeo.ppt,maecenas rhoncus aliquam,Sylvester Tocher,1961,classical,MattisOdioDonec.xls
697,in hac habitasse,RidiculusMusEtiam.xls,eget,Bernetta McKerton,1963,soul,Ac.avi
698,ante,NullaNunc.tiff,in,Hagen Ralling,1957,reggae,TellusInSagittis.mp3
699,consectetuer adipiscing elit,Ultrices.avi,lectus pellentesque eget,Jacky Dormon,1965,indie,Nibh.xls
700,vel dapibus at,EuPede.xls,turpis elementum,Lyn Kinker,2014,pop,IpsumPrimis.avi
701,massa,LectusVestibulum.tiff,rhoncus dui,Idalia Whitbread,1981,metal,AliquetMaecenas.doc
702,non,SollicitudinMiSit.mp3,sed nisl,Upton Kennaird,1958,pop,NullaInteger.ppt
703,vitae ipsum aliquam,TurpisA.mp3,maecenas,Alec Bernon,2010,metal,NasceturRidiculus.gif
704,commodo,Ligula.avi,eu sapien cursus,Gordie Corkill,2002,rock,EuNibh.avi
705,ridiculus,SemperSapienA.avi,orci,Roxanne Josephoff,1952,pop,NuncViverraDapibus.jpeg
706,nisl nunc,VelNulla.ppt,mi sit amet,Correy Stubbe,2017,pop,Justo.ppt
707,in leo,Ut.tiff,bibendum,Augustus Rosendall,1969,electronic,Vulputate.ppt
708,est quam,MaurisUllamcorperPurus.mp3,metus vitae,Hersch Ouslem,2004,folk,EleifendPedeLibero.avi
709,nunc nisl duis,FaucibusOrci.mp3,id mauris vulputate,Aleece Drew,2007,punk,Cubilia.avi
710,ut,VestibulumAc.tiff,mauris ullamcorper purus,Nonnah Fasey,1959,reggae,MorbiQuis.xls
711,amet eleifend pede,In.ppt,proin,Alysia Gunby,2000,metal,NonInterdumIn.tiff
712,posuere,DuiLuctusRutrum.xls,ligula,Tamra Cyster,1987,metal,EratNullaTempus.pdf
713,in tempor turpis,Vestibulum.avi,eget congue eget,Neville Lattin,2012,rock,OrciEgetOrci.mov
714,ipsum primis in,Vestibulum.ppt,magnis dis,Baily VanBrugh,1973,pop,Turpis.png
715,laoreet ut rhoncus,Dictumst.mov,urna pretium,Hamlen Trebble,2002,electronic,MorbiQuis.ppt
716,nulla,EgestasMetusAenean.mp3,eget eleifend luctus,Curcio Logsdail,1960,pop,CuraeNulla.ppt
717,lectus,Magna.avi,consequat,Olenolin Baglin,1995,R&B,Quis.avi
718,lobortis,Imperdiet.xls,cum sociis,Cornelle Crame,1980,indie,NullaNuncPurus.avi
719,eu,VestibulumQuamSapien.avi,sit amet turpis,Terza Bleazard,1963,metal,NatoquePenatibus.txt
720,dui proin leo,Ut.mp3,lacinia,Elsa Whitrod,2018,country,PosuereMetusVitae.gif
721,faucibus orci luctus,NullaUt.xls,nunc nisl duis,Silas Tumbelty,1975,classical,Vestibulum.mp3
722,curae mauris viverra,Turpis.avi,in,Virge Rising,1974,pop,Odio.jpeg
723,parturient montes,LectusPellentesqueEget.mpeg,vitae ipsum,Alyce Argabrite,1967,hip hop,InHac.gif
724,vestibulum sagittis sapien,DuiNec.pdf,elementum,Shelden Meggison,1963,pop,NisiAtNibh.xls
725,nibh,Lectus.pdf,viverra dapibus,Adi Woollhead,1996,rock,AugueLuctus.avi
726,diam,Justo.png,sagittis nam congue,Jdavie Aubin,2018,hip hop,LoremIdLigula.avi
727,mauris lacinia,Sit.avi,lacus purus,Joella Fache,2014,R&B,Neque.xls
728,dis parturient montes,AccumsanTellus.xls,id justo sit,Ardelia Avramovich,2008,punk,Vel.xls
729,vestibulum,NullaUt.xls,justo morbi ut,Goldi Metrick,1998,jazz,VolutpatEratQuisque.txt
730,magna bibendum imperdiet,PedeLibero.xls,quis turpis sed,Joellyn Upcott,1984,soul,AmetSapien.jpeg
731,quam,AtFeugiatNon.mp3,habitasse,Trstram Beirne,2015,metal,VulputateJusto.xls
732,nulla tellus in,Vestibulum.mov,in lacus,Harris Flips,1966,reggae,AtNibhIn.doc
733,turpis donec posuere,TurpisDonec.doc,nulla eget,Barr Spare,1966,country,Luctus.tiff
734,lectus in,NullaDapibusDolor.mp3,et,Leeland Hof,1954,country,JustoSollicitudin.mov
735,felis,OrciPede.xls,venenatis turpis,Vachel Bowker,2015,metal,AliquetMaecenasLeo.xls
736,est quam pharetra,Lectus.png,sit,Alena Brech,1978,folk,Sapien.jpeg
737,odio,NullamVariusNulla.pdf,pede,Sayres Dupoy,1950,country,DolorVelEst.xls
738,etiam,TristiqueTortorEu.mp3,ac,Isa Laight,1967,R&B,Commodo.mov
739,sit amet,AeneanAuctor.ppt,odio consequat varius,Tommy Lipson,2011,hip hop,Sed.avi
740,eget,Ultricies.avi,elit,Terri Wellesley,2006,jazz,VenenatisTurpis.jpeg
741,nec condimentum,QuisquePorta.mp3,dui vel,Marline Whalebelly,1957,jazz,Eget.avi
742,vestibulum ac,EuMiNulla.avi,sit amet cursus,Del Marlow,1990,rock,NecMolestieSed.jpeg
743,amet cursus id,Vel.ppt,nam,Anya Scouler,1985,punk,NonPretium.ppt
744,quisque id,VivamusMetus.tiff,facilisi cras,Colman Nettle,1957,classical,Nam.tiff
745,nulla,EgetTinciduntEget.txt,posuere,Arline Dupoy,1994,electronic,DiamVitae.txt
746,at nunc commodo,CurabiturInLibero.avi,integer,Herve Comi,1965,soul,FuscePosuere.pdf
747,quisque porta,AuctorGravida.png,quis orci nullam,Orelee Lymer,2005,R&B,Lacus.mov
748,congue eget,Sit.avi,diam,Ester McTrustram,1990,rock,MaurisVulputate.mov
749,tortor duis,Felis.xls,nisl nunc rhoncus,Euell Francesc,2002,classical,FelisSedInterdum.tiff
750,integer ac leo,DictumstMaecenas.avi,justo maecenas rhoncus,Benjie Sandy,2015,rock,Rutrum.mp3
751,auctor,OdioCurabiturConvallis.ppt,nec dui luctus,Kenneth Woolforde,2002,classical,NonLectus.avi
752,adipiscing molestie,DisParturient.mp3,odio consequat,Guendolen Ratter,1990,reggae,Ut.avi
753,suspendisse potenti nullam,Turpis.avi,ante ipsum primis,Simonette Bursnoll,1978,metal,Justo.jpeg
754,eros vestibulum,LiberoQuis.xls,mauris enim,Aldin Hall,2019,soul,DuiNecNisi.avi
755,nulla,PrimisIn.tiff,maecenas,Florida Fairhall,2009,classical,QuisqueEratEros.mp3
756,amet,QuisOdio.mp3,eleifend,Adams Catton,2023,country,UllamcorperPurus.xls
757,natoque penatibus,PlateaDictumst.jpeg,cursus id,Bride Gorling,1968,blues,QuisLiberoNullam.xls
758,ligula,In.mp3,vestibulum rutrum,Matelda Yeaman,1980,indie,VivamusTortor.ppt
759,elementum nullam,VitaeMattis.gif,quisque porta volutpat,Ros Mowsdale,2020,blues,DuisMattisEgestas.tiff
760,ut,EgetRutrum.mp3,placerat praesent,Karleen Ren,1954,reggae,Eros.avi
761,odio,Nunc.avi,tempus semper,Venus Rushforth,1987,pop,Luctus.ppt
762,orci luctus et,CubiliaCuraeDuis.avi,aliquet maecenas leo,Ashlie Tatem,1972,punk,Posuere.pdf
763,erat,Dolor.ppt,egestas metus aenean,Rustie Petraitis,1980,indie,FaucibusOrciLuctus.avi
764,id consequat,Sollicitudin.mpeg,morbi quis tortor,Rafael Tufts,1951,hip hop,Suspendisse.avi
765,tempor convallis nulla,SollicitudinUt.mov,tristique in tempus,Charlie Cubbino,1996,blues,AmetSapienDignissim.ppt
766,tincidunt in,LeoMaecenasPulvinar.xls,vivamus vel nulla,Kakalina Dawkes,1984,reggae,CondimentumId.xls
767,non interdum,PedeJusto.ppt,mauris,Keri Sabatier,2011,country,ViverraDiamVitae.png
768,leo odio,IdSapien.mpeg,nisi volutpat eleifend,Hermia Keavy,2002,jazz,JustoNec.avi
769,enim,VelIpsumPraesent.gif,ac leo,Haily Dunton,1973,metal,MaurisMorbi.jpeg
770,nulla neque libero,LuctusNecMolestie.tiff,nisi venenatis,Randene Oldnall,2004,electronic,DapibusDolorVel.xls
771,amet eleifend pede,TortorEuPede.doc,mauris,Janis Pickup,1991,hip hop,ElementumLigula.ppt
772,volutpat,PedeUllamcorperAugue.mp3,purus sit,Martelle Jannequin,1988,folk,Massa.xls
773,luctus,Neque.tiff,augue vestibulum,Shurlock Strangman,2024,R&B,CuraeDonec.xls
774,consequat in consequat,Eu.jpeg,eleifend luctus,Svend Kettridge,2001,country,NequeVestibulum.xls
775,rutrum,RhoncusAliquamLacus.gif,turpis integer,Clim Haldene,1980,soul,NislUtVolutpat.txt
776,lacinia sapien quis,InHacHabitasse.gif,lectus,Kariotta Mitrovic,1950,pop,NullamOrciPede.png
777,fermentum,Ultrices.tiff,erat quisque,Tabbie Hannen,1951,metal,UtErat.doc
778,in magna,MetusAeneanFermentum.tiff,consequat varius,Ansel Belderfield,1962,R&B,Nullam.avi
779,maecenas tristique,Sit.mpeg,nulla eget eros,Clemmy Harding,1996,reggae,TellusNisiEu.xls
780,orci,ALiberoNam.avi,duis bibendum morbi,Irwinn Jerisch,1989,country,AtVelitEu.png
781,lectus,Platea.mp3,lobortis,Renae Lafranconi,2013,jazz,NuncDonecQuis.doc
782,dui,QuisqueUtErat.avi,natoque penatibus,Joseph O' Hanvey,1952,blues,InFelis.png
783,nulla tempus vivamus,NonVelitNec.xls,purus phasellus in,Rustie Redit,1968,R&B,Ut.mp3
784,nunc,LuctusRutrum.pdf,hac habitasse,Dore Antonietti,2003,blues,Sapien.mp3
785,suspendisse ornare,Ultrices.tiff,metus,Timotheus Pass,2016,jazz,Eget.gif
786,sollicitudin mi,MorbiQuis.gif,semper sapien a,Barb Wilshire,1954,punk,EleifendPede.txt
787,faucibus,EstRisusAuctor.avi,justo,Adolphe Rudham,1996,folk,Pede.xls
788,lobortis est,Quam.xls,lectus,Araldo Bolan,2023,reggae,ConsectetuerAdipiscingElit.xls
789,et magnis dis,EgestasMetusAenean.mp3,habitasse platea dictumst,Arly Branscomb,2011,folk,AmetNullaQuisque.xls
790,semper rutrum,Ipsum.tiff,ac consequat metus,Ester Domaschke,1952,rock,Lorem.mov
791,orci nullam,Dolor.xls,est donec,Elvera Dobbinson,2025,punk,AtVelitVivamus.mp3
792,libero rutrum ac,PedeLobortis.doc,vel enim,Gisella Fritz,1995,metal,QuamA.avi
793,donec,VenenatisNonSodales.xls,pede ullamcorper,Wainwright Choudhury,1977,soul,AtTurpisA.xls
794,lacus,JustoInHac.tiff,molestie nibh in,Kirsten Giacobbo,1979,jazz,OrciEget.mp3
795,faucibus,SapienCursus.xls,ut nunc,Chantalle Rickhuss,2001,pop,SedVel.xls
796,id nulla ultrices,SitAmet.png,non,Cordelia D'Ambrogio,2023,electronic,OrciVehiculaCondimentum.mp3
797,libero non mattis,NullaQuisqueArcu.jpeg,erat volutpat,Casper Rolfo,1993,pop,Rutrum.ppt
798,suspendisse accumsan,Aenean.doc,ut nulla sed,Nannie Kupis,1989,classical,LeoRhoncusSed.gif
799,varius integer ac,NullaMollisMolestie.tiff,non interdum in,Leicester Huton,1989,metal,A.ppt
800,pellentesque ultrices phasellus,VolutpatDui.mp3,nisl,Fulton Robbert,1989,classical,LacusCurabiturAt.ppt
801,massa donec dapibus,QuisquePortaVolutpat.mpeg,nam dui proin,Lyman Patrone,1989,indie,RutrumNullaNunc.mpeg
802,tortor,IpsumPrimis.jpeg,molestie hendrerit,Dosi Chyuerton,1952,reggae,Sit.ppt
803,lectus,Libero.ppt,pulvinar,Ellene Ettridge,1959,reggae,EtUltricesPosuere.avi
804,congue eget,AliquetPulvinarSed.txt,justo in hac,Carce Laird-Craig,1986,hip hop,Amet.tiff
805,donec ut,MaurisEnimLeo.png,pede malesuada in,Enriqueta McGrayle,1970,metal,HabitassePlatea.doc
806,quis orci,NequeLiberoConvallis.tiff,cursus id,Theresina Feaveryear,1973,punk,AcEstLacinia.avi
807,nunc purus,CrasPellentesque.xls,nam,Fraser Steaning,2013,pop,Mi.ppt
808,natoque,In.xls,non,Arie Dietmar,2011,R&B,VelAugueVestibulum.gif
809,quam,EratFermentum.gif,quis orci,Chantal McTrustie,1958,indie,DuiMaecenasTristique.png
810,faucibus,TortorId.avi,ipsum dolor,Jacquette Loadsman,2024,jazz,MusEtiamVel.ppt
811,nulla elit,ASuscipitNulla.avi,integer tincidunt ante,Mendie Helleckas,1962,metal,PosuereMetus.ppt
812,phasellus id sapien,MorbiNonQuam.xls,ac enim in,Violetta Pethybridge,1991,indie,InHacHabitasse.mp3
813,mauris laoreet,In.avi,penatibus,Benjy Kyberd,2000,rock,VitaeQuamSuspendisse.xls
814,integer a nibh,GravidaNisiAt.xls,vivamus metus arcu,Dee Gatch,1975,country,LectusIn.mov
815,ridiculus mus,MorbiVelLectus.ppt,luctus,Den Poleykett,2007,soul,SemMaurisLaoreet.jpeg
816,augue vel accumsan,ConvallisDuis.png,luctus ultricies eu,Agneta Rames,2008,reggae,MorbiNon.xls
817,sit amet,In.mp3,diam cras pellentesque,Norris Bouzek,1987,metal,Felis.tiff
818,hendrerit at vulputate,NullaSuscipitLigula.ppt,ligula sit amet,Joycelin Hachard,1974,classical,DonecOdioJusto.tiff
819,ut massa volutpat,SuspendisseAccumsan.mpeg,magna ac,Bettine Challes,1991,indie,Sed.xls
820,congue vivamus metus,ConsectetuerAdipiscing.avi,adipiscing lorem vitae,Marinna Tiffany,2003,pop,OdioCurabitur.avi
821,morbi sem,VelitDonec.ppt,nulla,Quent Gerrens,2013,electronic,Curabitur.mp3
822,in,AliquetUltrices.mpeg,nulla elit,Gradey Udden,1972,indie,InQuis.ppt
823,donec,AmetNullaQuisque.mpeg,quam,Wendye Benoist,1971,reggae,SitAmet.doc
824,morbi porttitor lorem,TurpisAPede.mov,id luctus,Eadie Danigel,2002,reggae,VelAugueVestibulum.mp3
825,ultrices erat tortor,Ornare.avi,pellentesque,North Monroe,1988,hip hop,AugueLuctusTincidunt.xls
826,vitae,IntegerANibh.doc,montes nascetur ridiculus,Netta Poulsum,1994,metal,Convallis.doc
827,interdum venenatis turpis,TristiqueFusce.mov,odio condimentum,Shell Vodden,1956,indie,NullaTellusIn.tiff
828,posuere nonummy integer,PurusAliquetAt.mp3,justo pellentesque,Marni Prettejohns,2013,pop,Turpis.avi
829,ornare consequat lectus,QuisqueIdJusto.tiff,libero ut,Hieronymus Shawcross,2008,classical,SitAmet.mov
830,at ipsum,Pulvinar.mp3,hac habitasse platea,Shellysheldon Brockett,2004,jazz,NullaTempus.tiff
831,magna vulputate luctus,TurpisSed.avi,ligula,Elyssa Weekly,1984,rock,MorbiPorttitor.avi
832,in felis donec,PretiumIaculis.xls,in blandit,Lenci McCotter,2011,reggae,CondimentumNeque.mp3
833,sed vel,Consectetuer.jpeg,venenatis tristique,Loella Phelip,2014,hip hop,Ac.gif
834,eros,TinciduntEuFelis.mpeg,molestie hendrerit at,Nana Pilgrim,2021,blues,In.xls
835,in,Justo.mpeg,accumsan,Bel Yateman,1991,soul,LobortisVelDapibus.pdf
836,volutpat quam,At.mp3,amet,Elnar Olyunin,2014,pop,LectusSuspendissePotenti.tiff
837,congue eget semper,CrasNonVelit.tiff,et magnis,Francoise Obin,1989,folk,EgestasMetusAenean.doc
838,sodales sed,LiberoNullamSit.xls,magna bibendum,Antone Eburne,1986,blues,Luctus.gif
839,dolor sit amet,Ultricies.mp3,mattis egestas metus,Pattin Billitteri,2019,indie,Nulla.mp3
840,odio elementum eu,Nunc.gif,donec ut,Bartlett Filkov,2022,country,PrimisIn.mp3
841,habitasse,QuamSuspendissePotenti.tiff,congue,Natalee Checchi,1990,country,AcLeo.ppt
842,orci eget,Curabitur.tiff,ipsum,Johnathon Dightham,2025,rock,NullaDapibus.avi
843,in consequat,Platea.gif,vestibulum,Paul Petti,1988,soul,DapibusAugueVel.avi
844,parturient montes,PretiumIaculisJusto.ppt,tellus,Fred Pidgeon,2016,metal,DapibusAt.avi
845,aenean,Ut.xls,ligula sit amet,Carlyle Ettels,1958,jazz,BibendumFelis.png
846,maecenas leo odio,Integer.tiff,vulputate,Reid Mourgue,1963,jazz,NamUltrices.xls
847,amet diam in,TurpisElementumLigula.xls,sapien iaculis congue,Nathan Wrathmall,2021,rock,ConsequatUtNulla.tiff
848,facilisi cras non,AmetConsectetuer.mp3,mauris,Jerri Habens,1965,rock,VenenatisTristique.xls
849,integer tincidunt,TortorIdNulla.mov,gravida sem praesent,Lotty Taphouse,2017,punk,DuisMattisEgestas.avi
850,nulla ultrices,Ut.mov,ultrices libero non,Gretal Caple,2003,rock,CongueRisus.gif
851,quam,Curae.txt,pede,Marian Latchmore,1956,reggae,SemFusceConsequat.doc
852,luctus et ultrices,LoremId.mp3,consectetuer,Esdras Celler,1973,jazz,EnimSitAmet.ppt
853,odio,NullaDapibus.png,tortor eu,Kissee Dodding,1956,soul,Sapien.txt
854,risus,Odio.xls,venenatis lacinia aenean,Remus Carlos,1959,reggae,InSagittis.ppt
855,donec,LoremVitaeMattis.mpeg,aenean lectus,Brita Quin,2018,folk,Justo.png
856,at,TurpisSed.mpeg,nulla,Nadya Askem,1986,punk,MetusAenean.xls
857,sodales scelerisque mauris,IaculisJustoIn.mp3,faucibus orci,Dinnie Elleyne,1952,folk,DonecPharetraMagna.ppt
858,quisque arcu,NisiVenenatisTristique.jpeg,curabitur gravida nisi,Joellyn MacCosty,2012,blues,SuscipitLigula.pdf
859,quis orci eget,IdMassaId.pdf,eget orci,Freddie Feak,1972,jazz,QuisquePorta.avi
860,sed tincidunt,MetusAeneanFermentum.pdf,et ultrices posuere,Hilario Willcocks,1959,rock,FeugiatEtEros.tiff
861,nulla dapibus,FelisDonec.avi,erat,Taddeo Dearlove,1999,electronic,PhasellusSit.mpeg
862,morbi ut,SapienCum.gif,dis,Velma Pestor,1981,classical,Vestibulum.jpeg
863,massa volutpat,AccumsanFelisUt.jpeg,nam nulla,Towny Portt,1989,electronic,PretiumIaculis.txt
864,mi,EratFermentum.mp3,morbi,Farlee Biddulph,2021,jazz,DuisMattisEgestas.jpeg
865,elementum,IdLigula.mp3,primis in faucibus,Ciel Girardengo,1969,reggae,TurpisInteger.xls
866,eleifend,PedeJustoLacinia.avi,quis libero,Brook Kleinplatz,2009,folk,AeneanSitAmet.mp3
867,erat id mauris,EnimLorem.gif,et,Jori Taffarello,1975,reggae,Cum.ppt
868,accumsan tellus,LuctusTinciduntNulla.avi,in,Nerte Dorbon,2002,rock,VariusUtBlandit.avi
869,sem fusce,Lorem.xls,non mi integer,Joete Meier,2010,jazz,Est.xls
870,platea,In.mp3,convallis morbi,Kleon MacAnelley,1991,blues,VivamusVelNulla.png
871,placerat ante nulla,LigulaSuspendisseOrnare.ppt,vulputate elementum,Goldi Kidson,2025,jazz,Venenatis.tiff
872,mauris sit amet,IntegerTincidunt.xls,morbi,Alverta Czajkowski,2007,hip hop,Nam.png
873,metus aenean fermentum,PellentesqueQuisque.txt,adipiscing,Egor Chattock,1957,punk,LectusPellentesque.mov
874,ac lobortis vel,Sit.xls,ac,Vinnie Huggen,1952,indie,NislAenean.jpeg
875,nisi nam,Pellentesque.mov,felis fusce,Isidro Seiler,1987,rock,AcEnim.tiff
876,nonummy,VelLectusIn.avi,dapibus nulla,Bernadine Swarbrigg,1986,jazz,PellentesqueUltricesPhasellus.jpeg
877,commodo placerat praesent,NasceturRidiculus.avi,ultrices enim lorem,Dulcia Tilby,1984,soul,AliquetUltrices.avi
878,ut,SollicitudinUt.ppt,adipiscing molestie hendrerit,Carole Keepe,1972,R&B,NatoquePenatibus.mp3
879,vehicula,SapienUrnaPretium.mp3,sapien a libero,Aaren Sauvan,2001,country,LobortisLigula.avi
880,nisi venenatis,Sit.txt,etiam,Amalle Rainard,1988,hip hop,Mauris.tiff
881,quam pede lobortis,SuscipitLigula.avi,varius ut blandit,Huberto Savage,1969,electronic,NatoquePenatibusEt.mov
882,sit amet,QuisquePorta.gif,pharetra magna,Larry Broadfoot,1986,pop,LigulaSit.jpeg
883,lectus vestibulum quam,NonPretiumQuis.jpeg,sed nisl nunc,Ariela Joder,1976,jazz,SedAnteVivamus.tiff
884,ut,NisiEuOrci.mp3,rutrum ac lobortis,Faun Waslin,1956,indie,Nisl.mp3
885,est lacinia,Ligula.avi,justo,Venus Huyton,2012,blues,TinciduntEget.ppt
886,sit amet,EleifendQuam.doc,cras pellentesque,Riki Code,1950,electronic,VelAccumsanTellus.mp3
887,at,QuisTortor.pdf,rutrum,Westleigh Ellif,1997,soul,InFaucibusOrci.xls
888,praesent blandit nam,BlanditMiIn.tiff,mauris laoreet,Peyton O'Loughnan,1958,jazz,Luctus.mp3
889,iaculis,NullaSuspendisse.avi,dui,Samara Duxbarry,1956,electronic,Justo.jpeg
890,erat tortor sollicitudin,Erat.gif,maecenas pulvinar,Lauree Garmanson,1966,reggae,Blandit.avi
891,curae,Cum.mov,magna,Adlai Elliss,2017,country,InHac.mpeg
892,odio,PulvinarNulla.gif,diam in,Norry Dollimore,1961,classical,LobortisVel.doc
893,tellus,VolutpatEleifend.xls,integer,Isadora Kreutzer,1986,jazz,Dis.doc
894,mus etiam,OrciPede.xls,tincidunt eu,Dev Loughlan,2011,hip hop,SapienDignissim.tiff
895,nunc,DiamIn.doc,convallis duis,Analiese Durrand,1987,blues,Felis.avi
896,mauris enim leo,EgetRutrumAt.ppt,ultrices libero non,Sly Washtell,2001,indie,Sapien.xls
897,urna pretium nisl,Sapien.txt,nam dui,Milton Raubenheimers,1979,soul,Sapien.jpeg
898,at velit,OrciLuctusEt.pdf,quisque,Theobald Huc,1983,R&B,NullamPorttitor.xls
899,at nunc commodo,TortorEuPede.avi,vulputate ut ultrices,Bryant Gartsyde,1980,classical,LigulaPellentesque.png
900,ante vestibulum,LaciniaAenean.gif,donec quis orci,Ara Kike,2024,blues,AliquetPulvinarSed.doc
901,nunc proin,Vel.xls,quis augue,Nikoletta Phaup,2000,classical,Sagittis.mpeg
902,dui,EtTempus.xls,iaculis congue vivamus,Carly Dulin,1998,metal,VolutpatErat.mp3
903,ante ipsum primis,RhoncusAliquet.tiff,non pretium quis,Genevra Kinnear,1994,indie,Pellentesque.xls
904,sapien sapien,Luctus.avi,morbi porttitor lorem,Lebbie Mirfin,2011,rock,NecDui.avi
905,congue diam id,TempusSitAmet.xls,nulla neque,Betta Groombridge,2003,country,Tortor.ppt
906,nunc rhoncus dui,EratCurabitur.avi,in,Shoshana Etherington,1968,pop,Vestibulum.mpeg
907,sollicitudin mi sit,VelEnim.png,vel nisl duis,Waylon Atkins,1988,blues,SedInterdum.ppt
908,mus vivamus vestibulum,CommodoVulputateJusto.jpeg,volutpat,Kristy O'Rudden,2024,punk,Lectus.png
909,ligula pellentesque ultrices,At.xls,dolor,Lisha St. Quintin,1972,jazz,Luctus.xls
910,neque libero,TinciduntInLeo.avi,arcu,Ardyce Crumpton,2012,R&B,Nulla.mp3
911,elit ac nulla,QuisOrciNullam.mp3,amet diam,Hermann Gehrts,1993,indie,DonecOdioJusto.mov
912,nulla neque libero,IaculisCongueVivamus.ppt,aliquam lacus,Randal M'Chirrie,1995,soul,VelIpsum.jpeg
913,nulla pede,MaurisMorbiNon.mp3,vestibulum ac,Britt Dowley,2016,country,Sem.xls
914,libero nullam sit,TemporConvallis.ppt,lobortis,Tom Dowrey,2010,R&B,In.tiff
915,non,Ut.png,et eros vestibulum,Lorelei Beccles,1950,soul,Blandit.mp3
916,tortor sollicitudin,HacHabitasse.jpeg,primis in,Rossie Gounin,1970,punk,Sit.avi
917,a,ErosSuspendisse.ppt,in hac,Cristiano Ipgrave,2001,rock,VitaeQuamSuspendisse.mp3
918,quisque erat,OrciLuctusEt.jpeg,nibh in,Tasia Whinney,2002,rock,DuiLuctus.avi
919,lectus in,In.mpeg,fusce posuere felis,Herschel Tigwell,1957,rock,EtUltrices.xls
920,turpis enim,EleifendQuam.jpeg,consequat,De Whitfeld,1973,rock,RisusSemper.ppt
921,eu interdum eu,IpsumInteger.avi,curabitur,Benjie Goodby,1998,rock,Enim.xls
922,ac,VelitEuEst.avi,egestas metus,Joshuah Fulger,1986,folk,Donec.doc
923,eu,QuisAugueLuctus.mp3,maecenas rhoncus,Emmerich Di Biasi,1961,folk,Scelerisque.ppt
924,ac,Morbi.xls,posuere cubilia,Antoni Potes,2004,metal,Vel.ppt
925,sed ante,DapibusDolor.doc,ultrices posuere cubilia,Reuven Crowest,1961,soul,MagnaAc.xls
926,tempor turpis,Nisi.xls,tempus,Giustina Farlamb,1977,country,CubiliaCurae.avi
927,dui,TortorEuPede.ppt,mauris morbi non,Calv Spare,2005,indie,Adipiscing.txt
928,lacinia eget,ConsequatDuiNec.ppt,vestibulum,Marigold Winteringham,1969,indie,TinciduntLacus.mp3
929,ante ipsum,TellusSemperInterdum.mp3,urna pretium nisl,Leicester Dentith,1989,hip hop,MolestieNibhIn.mp3
930,tellus in sagittis,SollicitudinUt.tiff,donec ut,Arnaldo Bram,2025,jazz,MorbiUtOdio.ppt
931,condimentum neque sapien,UltricesVel.txt,pellentesque volutpat dui,Liv MacKeeg,2006,pop,SuspendissePotentiNullam.pdf
932,faucibus cursus urna,Risus.gif,eu interdum eu,Rob Fattore,2006,pop,Quam.ppt
933,libero quis,Amet.png,rhoncus aliquet,Dion Margerrison,1977,rock,MassaDonec.mpeg
934,nunc,LacusAtTurpis.doc,ligula sit,Braden Jeaycock,1988,metal,Pede.avi
935,morbi,Platea.jpeg,semper,Rowan Jekyll,1990,reggae,DonecPharetraMagna.xls
936,luctus,NullaMollis.avi,semper est,Clovis Buttel,1980,blues,AeneanAuctorGravida.png
937,in,Justo.xls,erat id mauris,Averyl Newlove,1987,blues,Lorem.tiff
938,sit amet justo,AeneanLectusPellentesque.mp3,tempus vivamus,Marilyn Mattheis,1970,R&B,Lectus.xls
939,in,AliquamNon.mp3,tincidunt ante,Willabella Dalloway,1992,classical,UltricesEnim.png
940,venenatis tristique fusce,SitAmetEleifend.mpeg,justo sit amet,Onida Biles,1973,R&B,MaurisSitAmet.xls
941,vestibulum rutrum,AmetSapienDignissim.jpeg,quisque erat,Yance Arenson,2017,country,IpsumPraesent.avi
942,quam,AliquetMassaId.xls,neque,Mareah Franzetti,1976,indie,RutrumRutrumNeque.jpeg
943,dapibus at,Ultrices.mp3,sed vel enim,De Holsall,2022,reggae,CondimentumNequeSapien.mp3
944,pellentesque at,Sit.avi,magna,Allissa Sesons,1955,jazz,FermentumDonec.avi
945,aliquet,Nibh.xls,cursus,Lucian Tomasoni,1975,soul,ConsequatIn.ppt
946,massa,QuisLectus.xls,enim leo,Anya Mitchinson,1964,country,IdNullaUltrices.ppt
947,mi sit amet,Proin.pdf,ipsum,Kelby Willwood,2013,metal,SociisNatoque.txt
948,vestibulum proin,SuspendissePotentiNullam.ppt,ipsum dolor sit,Dewain Ferraretto,2024,metal,FelisSedInterdum.doc
949,ante,EgetCongueEget.pdf,cubilia curae,Shanie Cornelleau,1975,classical,TristiqueEstEt.mp3
950,id,NullaSuspendisse.avi,neque vestibulum eget,Cara Manville,2022,hip hop,DonecDiamNeque.avi
951,blandit,RutrumAc.xls,massa id,Roi Nehls,1995,metal,LoremIpsumDolor.mpeg
952,lectus pellentesque,Quis.jpeg,vel accumsan,Corissa Sallnow,1979,blues,Vel.xls
953,curae mauris,Rhoncus.xls,et ultrices posuere,Conny Danbi,1957,hip hop,InLectus.xls
954,nulla,QuisqueErat.mp3,donec,Regina Heggman,1988,rock,VelNislDuis.xls
955,massa donec,Lorem.gif,sed justo,Ariel Meynell,1990,indie,SemperSapienA.avi
956,tortor,Auctor.jpeg,ultrices phasellus id,Dario Marrable,2010,jazz,Faucibus.gif
957,luctus,Ut.mov,ligula sit amet,Eal Lakes,1955,punk,AnteVestibulum.mp3
958,erat,QuisJusto.tiff,felis sed,Shanon Bennedick,1967,R&B,EstCongueElementum.pdf
959,vel nulla,InLacus.xls,non mattis,Ardisj Milleton,2012,blues,VehiculaCondimentumCurabitur.pdf
960,interdum eu tincidunt,QuisOdioConsequat.tiff,consectetuer adipiscing,Cecile O'Rudden,2005,electronic,Vel.jpeg
961,nunc commodo,PraesentId.mov,auctor sed tristique,Heida Grayshan,1996,soul,MattisOdio.gif
962,dui luctus rutrum,IdTurpis.pdf,amet eleifend,Luella Skrzynski,2003,soul,SedLacusMorbi.jpeg
963,venenatis tristique fusce,InTempus.jpeg,orci,Arluene Lomond,1985,indie,DuiMaecenasTristique.ppt
964,consequat,NibhIn.jpeg,consequat lectus,Jaquelin Cherrington,1983,blues,IntegerNon.jpeg
965,consequat lectus in,Semper.mp3,ultrices,Tasha Dennes,2000,classical,EuInterdumEu.txt
966,nulla quisque,At.xls,ante vestibulum ante,Stirling Sokell,1972,R&B,MaurisLaciniaSapien.png
967,donec dapibus,PhasellusIn.jpeg,erat,Christie Govey,1992,R&B,Justo.tiff
968,aenean,DuisAliquamConvallis.avi,vestibulum,Etienne Perillio,1987,country,Augue.tiff
969,massa,InFaucibusOrci.xls,convallis,Jillene Hansbury,2023,metal,LectusIn.avi
970,nulla tempus,LuctusCumSociis.jpeg,suspendisse,Harriet Sheals,1967,hip hop,QuisLiberoNullam.txt
971,ultrices erat tortor,Vivamus.tiff,pede,Packston Fenna,1959,classical,PharetraMagna.jpeg
972,tristique fusce,RutrumNeque.png,sapien varius,Lindie Hacking,2019,R&B,Mauris.png
973,malesuada in imperdiet,Amet.doc,eu,Yvonne Normandale,2000,punk,Turpis.avi
974,congue eget semper,DiamInMagna.xls,nullam,Sibella Leffek,1993,indie,Mi.mpeg
975,nulla eget,EgetVulputate.pdf,quis turpis,Claiborne Reade,1966,pop,Platea.tiff
976,vitae,QuisqueId.xls,sapien varius ut,Calhoun Fetherstonhaugh,1976,punk,Ante.ppt
977,mus,VestibulumVestibulum.mp3,dapibus dolor vel,Geordie Tomik,1997,classical,UltricesAliquet.ppt
978,donec odio,Sed.xls,sodales sed,Rachel Bruckmann,1996,electronic,AugueVestibulumAnte.xls
979,leo pellentesque,Gravida.ppt,in,Kyla Eyton,1961,reggae,EuFelis.xls
980,sit amet,InFelis.mp3,feugiat non,Janina Yurenin,2018,hip hop,AccumsanTellusNisi.avi
981,sit amet,Integer.tiff,aliquam,Coretta Kornyshev,2022,rock,OdioPorttitor.png
982,viverra,Ante.avi,duis,Spike Brunsdon,1965,jazz,Euismod.ppt
983,sed,PellentesqueUltrices.mp3,felis ut,Rorie Fearnside,1957,electronic,Massa.xls
984,nec dui luctus,Augue.avi,pretium,Bing Dunican,1953,R&B,PedeLibero.avi
985,a,Dui.gif,fusce posuere felis,Bailie Wilcock,2012,electronic,Sed.gif
986,dictumst aliquam,GravidaSem.ppt,mi in,Bee Vaney,1982,reggae,Faucibus.mpeg
987,vel accumsan,SapienCum.xls,congue,Livvie Dybbe,2014,pop,DonecDiam.avi
988,nec,In.doc,turpis donec posuere,Coralie Varey,2000,R&B,VestibulumVestibulum.avi
989,sit amet sapien,Sapien.mp3,vel ipsum,Morry Feben,1992,pop,Nisl.mov
990,eu,ALibero.mov,vel est,Jewell Eglese,2015,soul,SodalesScelerisqueMauris.ppt
991,blandit non interdum,Ante.mov,lorem,Alexandro Siccombe,1970,punk,MaecenasPulvinarLobortis.xls
992,in faucibus orci,IaculisCongue.xls,donec,Shalna Bubeer,1969,pop,EuMassa.tiff
993,natoque penatibus et,Pellentesque.mp3,justo maecenas rhoncus,Bonita Sleightholme,1959,folk,Non.ppt
994,eleifend,LuctusEtUltrices.mov,in hac habitasse,Erie Addlestone,2008,electronic,Consequat.txt
995,ipsum,SitAmetNulla.tiff,ligula sit amet,Cortney Balaison,2021,blues,Cursus.xls
996,duis at,Donec.mov,porta volutpat quam,Al Dodsworth,1988,blues,Suscipit.avi
997,quis tortor id,VulputateUtUltrices.mpeg,nunc vestibulum,Deck Gritsunov,1961,folk,NislDuis.mov
998,ante,PotentiInEleifend.png,at,Barby Murdoch,1981,hip hop,Duis.ppt
999,quis justo,Nulla.mp3,mauris ullamcorper purus,Doralyn Hrynczyk,1954,R&B,SuspendissePotentiNullam.ppt
1000,nulla suscipit,EtiamJustoEtiam.xls,donec ut,Kip Cohr,1977,country,DisParturientMontes.mp3
